crop_name,adm_id,date,fpar
maize,IE04,20010101,57.702
maize,IE05,20010101,63.014
maize,IE06,20010101,58.144
maize,IE04,20010111,57.372
maize,IE05,20010111,63.365
maize,IE06,20010111,58.077
maize,IE04,20010121,57.73
maize,IE05,20010121,64.053
maize,IE06,20010121,58.549
maize,IE04,20010201,57.41
maize,IE05,20010201,64.12
maize,IE06,20010201,58.539
maize,IE04,20010211,57.313
maize,IE05,20010211,64.574
maize,IE06,20010211,58.702
maize,IE04,20010221,57.455
maize,IE05,20010221,64.842
maize,IE06,20010221,58.897
maize,IE04,20010301,57.609
maize,IE05,20010301,65.169
maize,IE06,20010301,59.311
maize,IE04,20010311,58.676
maize,IE05,20010311,65.644
maize,IE06,20010311,60.423
maize,IE04,20010321,59.805
maize,IE05,20010321,66.125
maize,IE06,20010321,61.684
maize,IE04,20010401,61.222
maize,IE05,20010401,67.21
maize,IE06,20010401,63.792
maize,IE04,20010411,63.335
maize,IE05,20010411,68.743
maize,IE06,20010411,66.803
maize,IE04,20010421,65.537
maize,IE05,20010421,70.69
maize,IE06,20010421,70.489
maize,IE04,20010501,67.936
maize,IE05,20010501,72.498
maize,IE06,20010501,73.651
maize,IE04,20010511,70.161
maize,IE05,20010511,74.299
maize,IE06,20010511,76.427
maize,IE04,20010521,71.941
maize,IE05,20010521,75.753
maize,IE06,20010521,78.267
maize,IE04,20010601,73.362
maize,IE05,20010601,76.968
maize,IE06,20010601,79.118
maize,IE04,20010611,74.074
maize,IE05,20010611,77.485
maize,IE06,20010611,78.821
maize,IE04,20010621,74.215
maize,IE05,20010621,76.9
maize,IE06,20010621,77.318
maize,IE04,20010701,74.835
maize,IE05,20010701,76.803
maize,IE06,20010701,76.226
maize,IE04,20010711,74.417
maize,IE05,20010711,75.964
maize,IE06,20010711,74.056
maize,IE04,20010721,74.392
maize,IE05,20010721,75.201
maize,IE06,20010721,72.334
maize,IE04,20010801,74.458
maize,IE05,20010801,74.627
maize,IE06,20010801,71.402
maize,IE04,20010811,74.366
maize,IE05,20010811,74.505
maize,IE06,20010811,71.123
maize,IE04,20010821,75.063
maize,IE05,20010821,74.959
maize,IE06,20010821,71.764
maize,IE04,20010901,75.556
maize,IE05,20010901,75.541
maize,IE06,20010901,72.452
maize,IE04,20010911,74.751
maize,IE05,20010911,75.772
maize,IE06,20010911,72.99
maize,IE04,20010921,74.591
maize,IE05,20010921,76.241
maize,IE06,20010921,73.64
maize,IE04,20011001,74.126
maize,IE05,20011001,76.507
maize,IE06,20011001,74.19
maize,IE04,20011011,73.434
maize,IE05,20011011,76.411
maize,IE06,20011011,74.479
maize,IE04,20011021,72.14
maize,IE05,20011021,75.581
maize,IE06,20011021,73.902
maize,IE04,20011101,70.341
maize,IE05,20011101,74.053
maize,IE06,20011101,72.875
maize,IE04,20011111,68.176
maize,IE05,20011111,71.805
maize,IE06,20011111,71.18
maize,IE04,20011121,66.167
maize,IE05,20011121,69.696
maize,IE06,20011121,69.166
maize,IE04,20011201,63.959
maize,IE05,20011201,67.423
maize,IE06,20011201,66.962
maize,IE04,20011211,62.173
maize,IE05,20011211,65.456
maize,IE06,20011211,64.88
maize,IE04,20011221,61.309
maize,IE05,20011221,64.62
maize,IE06,20011221,63.614
maize,IE04,20020101,60.634
maize,IE05,20020101,63.722
maize,IE06,20020101,62.628
maize,IE04,20020111,60.878
maize,IE05,20020111,64.043
maize,IE06,20020111,62.866
maize,IE04,20020121,61.584
maize,IE05,20020121,65.073
maize,IE06,20020121,63.69
maize,IE04,20020201,62.83
maize,IE05,20020201,66.427
maize,IE06,20020201,65.152
maize,IE04,20020211,63.82
maize,IE05,20020211,67.59
maize,IE06,20020211,66.528
maize,IE04,20020221,64.544
maize,IE05,20020221,68.584
maize,IE06,20020221,67.853
maize,IE04,20020301,64.958
maize,IE05,20020301,69.495
maize,IE06,20020301,68.89
maize,IE04,20020311,65.751
maize,IE05,20020311,70.382
maize,IE06,20020311,70.288
maize,IE04,20020321,66.343
maize,IE05,20020321,71.095
maize,IE06,20020321,71.602
maize,IE04,20020401,67.278
maize,IE05,20020401,72.345
maize,IE06,20020401,73.532
maize,IE04,20020411,68.133
maize,IE05,20020411,73.235
maize,IE06,20020411,75.224
maize,IE04,20020421,69.761
maize,IE05,20020421,74.1
maize,IE06,20020421,77.21
maize,IE04,20020501,70.934
maize,IE05,20020501,74.56
maize,IE06,20020501,78.34
maize,IE04,20020511,71.29
maize,IE05,20020511,74.499
maize,IE06,20020511,78.069
maize,IE04,20020521,70.424
maize,IE05,20020521,73.881
maize,IE06,20020521,77.395
maize,IE04,20020601,70.211
maize,IE05,20020601,73.122
maize,IE06,20020601,76.046
maize,IE04,20020611,69.852
maize,IE05,20020611,72.493
maize,IE06,20020611,74.426
maize,IE04,20020621,69.489
maize,IE05,20020621,71.354
maize,IE06,20020621,72.083
maize,IE04,20020701,69.601
maize,IE05,20020701,71.104
maize,IE06,20020701,70.409
maize,IE04,20020711,70.142
maize,IE05,20020711,71.466
maize,IE06,20020711,69.843
maize,IE04,20020721,70.779
maize,IE05,20020721,71.555
maize,IE06,20020721,69.09
maize,IE04,20020801,72.923
maize,IE05,20020801,72.416
maize,IE06,20020801,69.799
maize,IE04,20020811,74.553
maize,IE05,20020811,72.977
maize,IE06,20020811,70.488
maize,IE04,20020821,76.404
maize,IE05,20020821,73.512
maize,IE06,20020821,71.148
maize,IE04,20020901,77.997
maize,IE05,20020901,74.038
maize,IE06,20020901,72.111
maize,IE04,20020911,78.444
maize,IE05,20020911,74.612
maize,IE06,20020911,72.689
maize,IE04,20020921,77.952
maize,IE05,20020921,75.106
maize,IE06,20020921,72.741
maize,IE04,20021001,76.344
maize,IE05,20021001,74.976
maize,IE06,20021001,71.849
maize,IE04,20021011,74.0
maize,IE05,20021011,74.054
maize,IE06,20021011,70.279
maize,IE04,20021021,70.713
maize,IE05,20021021,72.077
maize,IE06,20021021,67.946
maize,IE04,20021101,66.762
maize,IE05,20021101,68.993
maize,IE06,20021101,64.767
maize,IE04,20021111,63.185
maize,IE05,20021111,66.021
maize,IE06,20021111,62.146
maize,IE04,20021121,60.298
maize,IE05,20021121,63.375
maize,IE06,20021121,59.658
maize,IE04,20021201,58.343
maize,IE05,20021201,61.293
maize,IE06,20021201,57.988
maize,IE04,20021211,57.185
maize,IE05,20021211,59.94
maize,IE06,20021211,57.019
maize,IE04,20021221,57.352
maize,IE05,20021221,59.938
maize,IE06,20021221,57.159
maize,IE04,20030101,57.946
maize,IE05,20030101,61.154
maize,IE06,20030101,58.215
maize,IE04,20030111,58.521
maize,IE05,20030111,62.931
maize,IE06,20030111,59.492
maize,IE04,20030121,59.226
maize,IE05,20030121,64.71
maize,IE06,20030121,60.771
maize,IE04,20030201,59.864
maize,IE05,20030201,66.001
maize,IE06,20030201,61.663
maize,IE04,20030211,60.014
maize,IE05,20030211,66.688
maize,IE06,20030211,62.029
maize,IE04,20030221,60.448
maize,IE05,20030221,67.232
maize,IE06,20030221,62.685
maize,IE04,20030301,61.035
maize,IE05,20030301,67.637
maize,IE06,20030301,63.351
maize,IE04,20030311,62.179
maize,IE05,20030311,68.068
maize,IE06,20030311,64.495
maize,IE04,20030321,63.524
maize,IE05,20030321,68.713
maize,IE06,20030321,66.17
maize,IE04,20030401,65.551
maize,IE05,20030401,70.118
maize,IE06,20030401,68.631
maize,IE04,20030411,67.086
maize,IE05,20030411,71.756
maize,IE06,20030411,71.169
maize,IE04,20030421,68.195
maize,IE05,20030421,73.48
maize,IE06,20030421,73.608
maize,IE04,20030501,69.077
maize,IE05,20030501,74.93
maize,IE06,20030501,75.582
maize,IE04,20030511,69.925
maize,IE05,20030511,76.161
maize,IE06,20030511,77.274
maize,IE04,20030521,70.718
maize,IE05,20030521,77.004
maize,IE06,20030521,78.484
maize,IE04,20030601,72.117
maize,IE05,20030601,77.531
maize,IE06,20030601,79.287
maize,IE04,20030611,73.174
maize,IE05,20030611,77.571
maize,IE06,20030611,79.356
maize,IE04,20030621,74.718
maize,IE05,20030621,77.442
maize,IE06,20030621,78.942
maize,IE04,20030701,76.012
maize,IE05,20030701,76.902
maize,IE06,20030701,78.179
maize,IE04,20030711,77.371
maize,IE05,20030711,76.439
maize,IE06,20030711,77.544
maize,IE04,20030721,78.287
maize,IE05,20030721,75.78
maize,IE06,20030721,76.782
maize,IE04,20030801,78.826
maize,IE05,20030801,74.862
maize,IE06,20030801,75.405
maize,IE04,20030811,78.312
maize,IE05,20030811,74.185
maize,IE06,20030811,74.024
maize,IE04,20030821,77.086
maize,IE05,20030821,73.485
maize,IE06,20030821,72.402
maize,IE04,20030901,75.642
maize,IE05,20030901,72.991
maize,IE06,20030901,70.944
maize,IE04,20030911,74.783
maize,IE05,20030911,73.018
maize,IE06,20030911,70.1
maize,IE04,20030921,74.185
maize,IE05,20030921,73.238
maize,IE06,20030921,69.961
maize,IE04,20031001,73.501
maize,IE05,20031001,72.726
maize,IE06,20031001,69.466
maize,IE04,20031011,72.338
maize,IE05,20031011,71.414
maize,IE06,20031011,68.719
maize,IE04,20031021,70.443
maize,IE05,20031021,69.511
maize,IE06,20031021,67.462
maize,IE04,20031101,67.717
maize,IE05,20031101,67.214
maize,IE06,20031101,65.821
maize,IE04,20031111,65.002
maize,IE05,20031111,65.535
maize,IE06,20031111,64.398
maize,IE04,20031121,61.912
maize,IE05,20031121,63.874
maize,IE06,20031121,62.626
maize,IE04,20031201,59.461
maize,IE05,20031201,62.622
maize,IE06,20031201,61.002
maize,IE04,20031211,57.558
maize,IE05,20031211,62.065
maize,IE06,20031211,59.869
maize,IE04,20031221,56.698
maize,IE05,20031221,62.261
maize,IE06,20031221,59.278
maize,IE04,20040101,57.071
maize,IE05,20040101,63.488
maize,IE06,20040101,59.632
maize,IE04,20040111,58.186
maize,IE05,20040111,64.676
maize,IE06,20040111,60.761
maize,IE04,20040121,60.127
maize,IE05,20040121,66.214
maize,IE06,20040121,62.483
maize,IE04,20040201,61.643
maize,IE05,20040201,67.537
maize,IE06,20040201,64.282
maize,IE04,20040211,62.757
maize,IE05,20040211,68.372
maize,IE06,20040211,65.753
maize,IE04,20040221,63.109
maize,IE05,20040221,68.651
maize,IE06,20040221,66.607
maize,IE04,20040301,63.127
maize,IE05,20040301,68.633
maize,IE06,20040301,67.242
maize,IE04,20040311,63.055
maize,IE05,20040311,68.333
maize,IE06,20040311,67.981
maize,IE04,20040321,63.212
maize,IE05,20040321,68.526
maize,IE06,20040321,69.397
maize,IE04,20040401,63.744
maize,IE05,20040401,69.328
maize,IE06,20040401,71.607
maize,IE04,20040411,64.852
maize,IE05,20040411,71.054
maize,IE06,20040411,74.407
maize,IE04,20040421,66.224
maize,IE05,20040421,73.291
maize,IE06,20040421,77.419
maize,IE04,20040501,67.599
maize,IE05,20040501,75.71
maize,IE06,20040501,80.063
maize,IE04,20040511,69.206
maize,IE05,20040511,77.662
maize,IE06,20040511,81.938
maize,IE04,20040521,70.614
maize,IE05,20040521,79.169
maize,IE06,20040521,83.154
maize,IE04,20040601,71.718
maize,IE05,20040601,79.674
maize,IE06,20040601,83.032
maize,IE04,20040611,72.609
maize,IE05,20040611,79.161
maize,IE06,20040611,81.872
maize,IE04,20040621,74.055
maize,IE05,20040621,78.126
maize,IE06,20040621,79.956
maize,IE04,20040701,74.61
maize,IE05,20040701,76.346
maize,IE06,20040701,77.349
maize,IE04,20040711,74.756
maize,IE05,20040711,74.61
maize,IE06,20040711,74.741
maize,IE04,20040721,75.299
maize,IE05,20040721,73.518
maize,IE06,20040721,72.695
maize,IE04,20040801,76.114
maize,IE05,20040801,73.244
maize,IE06,20040801,71.52
maize,IE04,20040811,76.742
maize,IE05,20040811,73.619
maize,IE06,20040811,71.126
maize,IE04,20040821,77.82
maize,IE05,20040821,74.726
maize,IE06,20040821,72.071
maize,IE04,20040901,78.429
maize,IE05,20040901,75.852
maize,IE06,20040901,73.476
maize,IE04,20040911,77.615
maize,IE05,20040911,76.529
maize,IE06,20040911,74.456
maize,IE04,20040921,76.136
maize,IE05,20040921,76.347
maize,IE06,20040921,74.931
maize,IE04,20041001,73.758
maize,IE05,20041001,75.411
maize,IE06,20041001,74.362
maize,IE04,20041011,70.755
maize,IE05,20041011,73.423
maize,IE06,20041011,72.729
maize,IE04,20041021,67.418
maize,IE05,20041021,70.974
maize,IE06,20041021,70.478
maize,IE04,20041101,64.016
maize,IE05,20041101,68.262
maize,IE06,20041101,67.723
maize,IE04,20041111,61.263
maize,IE05,20041111,66.036
maize,IE06,20041111,65.288
maize,IE04,20041121,59.304
maize,IE05,20041121,64.731
maize,IE06,20041121,63.31
maize,IE04,20041201,58.116
maize,IE05,20041201,63.933
maize,IE06,20041201,61.938
maize,IE04,20041211,57.881
maize,IE05,20041211,63.932
maize,IE06,20041211,61.427
maize,IE04,20041221,57.732
maize,IE05,20041221,64.327
maize,IE06,20041221,61.619
maize,IE04,20050101,58.174
maize,IE05,20050101,65.533
maize,IE06,20050101,62.468
maize,IE04,20050111,59.319
maize,IE05,20050111,67.191
maize,IE06,20050111,64.011
maize,IE04,20050121,60.614
maize,IE05,20050121,68.569
maize,IE06,20050121,65.454
maize,IE04,20050201,61.905
maize,IE05,20050201,69.311
maize,IE06,20050201,66.635
maize,IE04,20050211,62.775
maize,IE05,20050211,69.295
maize,IE06,20050211,67.182
maize,IE04,20050221,63.406
maize,IE05,20050221,68.886
maize,IE06,20050221,67.512
maize,IE04,20050301,63.836
maize,IE05,20050301,68.564
maize,IE06,20050301,67.962
maize,IE04,20050311,64.263
maize,IE05,20050311,67.95
maize,IE06,20050311,68.626
maize,IE04,20050321,64.798
maize,IE05,20050321,68.083
maize,IE06,20050321,69.941
maize,IE04,20050401,65.338
maize,IE05,20050401,68.825
maize,IE06,20050401,71.563
maize,IE04,20050411,65.75
maize,IE05,20050411,69.864
maize,IE06,20050411,73.018
maize,IE04,20050421,66.345
maize,IE05,20050421,71.303
maize,IE06,20050421,74.65
maize,IE04,20050501,67.054
maize,IE05,20050501,72.766
maize,IE06,20050501,76.081
maize,IE04,20050511,68.393
maize,IE05,20050511,74.538
maize,IE06,20050511,77.768
maize,IE04,20050521,69.821
maize,IE05,20050521,76.168
maize,IE06,20050521,78.954
maize,IE04,20050601,71.717
maize,IE05,20050601,77.864
maize,IE06,20050601,80.073
maize,IE04,20050611,73.751
maize,IE05,20050611,78.676
maize,IE06,20050611,80.48
maize,IE04,20050621,75.579
maize,IE05,20050621,78.887
maize,IE06,20050621,80.324
maize,IE04,20050701,76.859
maize,IE05,20050701,78.539
maize,IE06,20050701,79.33
maize,IE04,20050711,77.175
maize,IE05,20050711,77.232
maize,IE06,20050711,77.2
maize,IE04,20050721,77.459
maize,IE05,20050721,75.85
maize,IE06,20050721,74.964
maize,IE04,20050801,77.015
maize,IE05,20050801,74.36
maize,IE06,20050801,72.619
maize,IE04,20050811,76.638
maize,IE05,20050811,73.752
maize,IE06,20050811,71.434
maize,IE04,20050821,76.193
maize,IE05,20050821,73.906
maize,IE06,20050821,70.927
maize,IE04,20050901,75.524
maize,IE05,20050901,74.424
maize,IE06,20050901,71.02
maize,IE04,20050911,75.159
maize,IE05,20050911,75.221
maize,IE06,20050911,71.632
maize,IE04,20050921,74.432
maize,IE05,20050921,75.553
maize,IE06,20050921,72.145
maize,IE04,20051001,73.293
maize,IE05,20051001,75.42
maize,IE06,20051001,72.486
maize,IE04,20051011,71.934
maize,IE05,20051011,74.714
maize,IE06,20051011,72.388
maize,IE04,20051021,69.743
maize,IE05,20051021,73.187
maize,IE06,20051021,71.505
maize,IE04,20051101,66.826
maize,IE05,20051101,70.884
maize,IE06,20051101,69.532
maize,IE04,20051111,63.833
maize,IE05,20051111,68.474
maize,IE06,20051111,66.99
maize,IE04,20051121,60.75
maize,IE05,20051121,65.927
maize,IE06,20051121,63.993
maize,IE04,20051201,57.899
maize,IE05,20051201,63.344
maize,IE06,20051201,60.934
maize,IE04,20051211,56.048
maize,IE05,20051211,61.597
maize,IE06,20051211,58.905
maize,IE04,20051221,54.693
maize,IE05,20051221,60.834
maize,IE06,20051221,57.649
maize,IE04,20060101,54.754
maize,IE05,20060101,60.871
maize,IE06,20060101,57.694
maize,IE04,20060111,56.027
maize,IE05,20060111,61.724
maize,IE06,20060111,58.716
maize,IE04,20060121,57.87
maize,IE05,20060121,63.214
maize,IE06,20060121,60.389
maize,IE04,20060201,59.637
maize,IE05,20060201,64.899
maize,IE06,20060201,62.114
maize,IE04,20060211,60.887
maize,IE05,20060211,66.227
maize,IE06,20060211,63.449
maize,IE04,20060221,61.672
maize,IE05,20060221,67.167
maize,IE06,20060221,64.513
maize,IE04,20060301,61.721
maize,IE05,20060301,67.329
maize,IE06,20060301,64.9
maize,IE04,20060311,61.787
maize,IE05,20060311,67.261
maize,IE06,20060311,65.465
maize,IE04,20060321,62.097
maize,IE05,20060321,67.445
maize,IE06,20060321,66.517
maize,IE04,20060401,63.164
maize,IE05,20060401,68.328
maize,IE06,20060401,68.658
maize,IE04,20060411,64.799
maize,IE05,20060411,69.776
maize,IE06,20060411,71.062
maize,IE04,20060421,66.75
maize,IE05,20060421,71.896
maize,IE06,20060421,73.826
maize,IE04,20060501,69.117
maize,IE05,20060501,74.192
maize,IE06,20060501,76.479
maize,IE04,20060511,71.235
maize,IE05,20060511,76.18
maize,IE06,20060511,78.663
maize,IE04,20060521,72.881
maize,IE05,20060521,77.835
maize,IE06,20060521,80.038
maize,IE04,20060601,74.245
maize,IE05,20060601,78.852
maize,IE06,20060601,80.654
maize,IE04,20060611,74.674
maize,IE05,20060611,78.578
maize,IE06,20060611,79.75
maize,IE04,20060621,74.995
maize,IE05,20060621,77.782
maize,IE06,20060621,78.072
maize,IE04,20060701,75.039
maize,IE05,20060701,76.416
maize,IE06,20060701,75.693
maize,IE04,20060711,74.663
maize,IE05,20060711,74.465
maize,IE06,20060711,73.042
maize,IE04,20060721,74.37
maize,IE05,20060721,71.546
maize,IE06,20060721,70.203
maize,IE04,20060801,73.904
maize,IE05,20060801,68.747
maize,IE06,20060801,68.07
maize,IE04,20060811,74.233
maize,IE05,20060811,67.606
maize,IE06,20060811,67.611
maize,IE04,20060821,74.933
maize,IE05,20060821,68.219
maize,IE06,20060821,68.675
maize,IE04,20060901,76.295
maize,IE05,20060901,70.845
maize,IE06,20060901,71.313
maize,IE04,20060911,76.991
maize,IE05,20060911,73.738
maize,IE06,20060911,73.961
maize,IE04,20060921,76.828
maize,IE05,20060921,76.333
maize,IE06,20060921,76.142
maize,IE04,20061001,75.685
maize,IE05,20061001,77.744
maize,IE06,20061001,77.045
maize,IE04,20061011,74.055
maize,IE05,20061011,77.945
maize,IE06,20061011,77.024
maize,IE04,20061021,71.436
maize,IE05,20061021,76.914
maize,IE06,20061021,75.927
maize,IE04,20061101,68.079
maize,IE05,20061101,74.602
maize,IE06,20061101,73.249
maize,IE04,20061111,64.319
maize,IE05,20061111,71.681
maize,IE06,20061111,69.909
maize,IE04,20061121,61.245
maize,IE05,20061121,68.537
maize,IE06,20061121,66.549
maize,IE04,20061201,58.728
maize,IE05,20061201,65.515
maize,IE06,20061201,63.541
maize,IE04,20061211,57.084
maize,IE05,20061211,63.348
maize,IE06,20061211,61.318
maize,IE04,20061221,56.508
maize,IE05,20061221,62.439
maize,IE06,20061221,60.304
maize,IE04,20070101,56.955
maize,IE05,20070101,62.995
maize,IE06,20070101,60.666
maize,IE04,20070111,58.493
maize,IE05,20070111,64.528
maize,IE06,20070111,62.176
maize,IE04,20070121,60.39
maize,IE05,20070121,66.167
maize,IE06,20070121,63.826
maize,IE04,20070201,61.718
maize,IE05,20070201,67.941
maize,IE06,20070201,65.266
maize,IE04,20070211,62.975
maize,IE05,20070211,69.107
maize,IE06,20070211,66.345
maize,IE04,20070221,63.963
maize,IE05,20070221,69.919
maize,IE06,20070221,67.271
maize,IE04,20070301,64.767
maize,IE05,20070301,70.42
maize,IE06,20070301,68.197
maize,IE04,20070311,65.878
maize,IE05,20070311,71.058
maize,IE06,20070311,69.572
maize,IE04,20070321,67.175
maize,IE05,20070321,71.93
maize,IE06,20070321,71.302
maize,IE04,20070401,68.714
maize,IE05,20070401,72.986
maize,IE06,20070401,73.415
maize,IE04,20070411,70.597
maize,IE05,20070411,74.675
maize,IE06,20070411,75.939
maize,IE04,20070421,72.577
maize,IE05,20070421,76.801
maize,IE06,20070421,78.526
maize,IE04,20070501,74.129
maize,IE05,20070501,78.706
maize,IE06,20070501,80.399
maize,IE04,20070511,75.337
maize,IE05,20070511,80.228
maize,IE06,20070511,81.249
maize,IE04,20070521,76.038
maize,IE05,20070521,80.838
maize,IE06,20070521,81.162
maize,IE04,20070601,76.271
maize,IE05,20070601,80.471
maize,IE06,20070601,79.956
maize,IE04,20070611,75.724
maize,IE05,20070611,79.223
maize,IE06,20070611,78.016
maize,IE04,20070621,74.968
maize,IE05,20070621,77.712
maize,IE06,20070621,75.76
maize,IE04,20070701,74.453
maize,IE05,20070701,76.403
maize,IE06,20070701,73.898
maize,IE04,20070711,74.549
maize,IE05,20070711,75.47
maize,IE06,20070711,72.454
maize,IE04,20070721,74.983
maize,IE05,20070721,74.665
maize,IE06,20070721,71.529
maize,IE04,20070801,75.673
maize,IE05,20070801,74.147
maize,IE06,20070801,71.259
maize,IE04,20070811,75.874
maize,IE05,20070811,73.791
maize,IE06,20070811,71.351
maize,IE04,20070821,76.253
maize,IE05,20070821,73.885
maize,IE06,20070821,72.052
maize,IE04,20070901,76.833
maize,IE05,20070901,73.989
maize,IE06,20070901,72.822
maize,IE04,20070911,77.213
maize,IE05,20070911,74.06
maize,IE06,20070911,73.655
maize,IE04,20070921,76.323
maize,IE05,20070921,73.552
maize,IE06,20070921,73.447
maize,IE04,20071001,75.053
maize,IE05,20071001,73.197
maize,IE06,20071001,72.921
maize,IE04,20071011,73.067
maize,IE05,20071011,72.354
maize,IE06,20071011,71.711
maize,IE04,20071021,70.887
maize,IE05,20071021,71.325
maize,IE06,20071021,69.999
maize,IE04,20071101,67.837
maize,IE05,20071101,70.11
maize,IE06,20071101,67.933
maize,IE04,20071111,64.733
maize,IE05,20071111,68.53
maize,IE06,20071111,65.85
maize,IE04,20071121,62.246
maize,IE05,20071121,66.84
maize,IE06,20071121,63.961
maize,IE04,20071201,60.254
maize,IE05,20071201,64.858
maize,IE06,20071201,62.207
maize,IE04,20071211,59.231
maize,IE05,20071211,63.303
maize,IE06,20071211,60.974
maize,IE04,20071221,58.515
maize,IE05,20071221,62.433
maize,IE06,20071221,60.218
maize,IE04,20080101,58.499
maize,IE05,20080101,62.639
maize,IE06,20080101,60.258
maize,IE04,20080111,58.987
maize,IE05,20080111,63.7
maize,IE06,20080111,61.251
maize,IE04,20080121,60.087
maize,IE05,20080121,65.212
maize,IE06,20080121,62.689
maize,IE04,20080201,61.413
maize,IE05,20080201,66.988
maize,IE06,20080201,64.434
maize,IE04,20080211,62.259
maize,IE05,20080211,68.315
maize,IE06,20080211,65.832
maize,IE04,20080221,62.648
maize,IE05,20080221,69.07
maize,IE06,20080221,66.58
maize,IE04,20080301,62.732
maize,IE05,20080301,69.335
maize,IE06,20080301,67.118
maize,IE04,20080311,62.891
maize,IE05,20080311,69.186
maize,IE06,20080311,67.748
maize,IE04,20080321,63.155
maize,IE05,20080321,69.142
maize,IE06,20080321,68.919
maize,IE04,20080401,63.918
maize,IE05,20080401,69.332
maize,IE06,20080401,70.602
maize,IE04,20080411,65.593
maize,IE05,20080411,70.646
maize,IE06,20080411,72.999
maize,IE04,20080421,67.472
maize,IE05,20080421,72.565
maize,IE06,20080421,75.666
maize,IE04,20080501,69.818
maize,IE05,20080501,74.943
maize,IE06,20080501,78.433
maize,IE04,20080511,71.731
maize,IE05,20080511,77.052
maize,IE06,20080511,80.469
maize,IE04,20080521,73.078
maize,IE05,20080521,78.412
maize,IE06,20080521,81.346
maize,IE04,20080601,73.337
maize,IE05,20080601,78.53
maize,IE06,20080601,80.993
maize,IE04,20080611,73.014
maize,IE05,20080611,77.651
maize,IE06,20080611,79.881
maize,IE04,20080621,71.995
maize,IE05,20080621,75.244
maize,IE06,20080621,77.896
maize,IE04,20080701,70.719
maize,IE05,20080701,72.919
maize,IE06,20080701,75.746
maize,IE04,20080711,69.63
maize,IE05,20080711,70.733
maize,IE06,20080711,73.375
maize,IE04,20080721,68.303
maize,IE05,20080721,68.442
maize,IE06,20080721,70.75
maize,IE04,20080801,67.14
maize,IE05,20080801,66.602
maize,IE06,20080801,68.384
maize,IE04,20080811,66.997
maize,IE05,20080811,66.097
maize,IE06,20080811,67.345
maize,IE04,20080821,67.259
maize,IE05,20080821,66.134
maize,IE06,20080821,66.844
maize,IE04,20080901,68.594
maize,IE05,20080901,67.47
maize,IE06,20080901,67.659
maize,IE04,20080911,69.43
maize,IE05,20080911,69.059
maize,IE06,20080911,68.624
maize,IE04,20080921,69.899
maize,IE05,20080921,70.309
maize,IE06,20080921,69.031
maize,IE04,20081001,69.399
maize,IE05,20081001,70.626
maize,IE06,20081001,68.597
maize,IE04,20081011,67.93
maize,IE05,20081011,70.093
maize,IE06,20081011,67.391
maize,IE04,20081021,65.864
maize,IE05,20081021,68.839
maize,IE06,20081021,65.68
maize,IE04,20081101,63.052
maize,IE05,20081101,67.135
maize,IE06,20081101,63.452
maize,IE04,20081111,60.288
maize,IE05,20081111,64.978
maize,IE06,20081111,60.75
maize,IE04,20081121,58.004
maize,IE05,20081121,62.837
maize,IE06,20081121,58.287
maize,IE04,20081201,56.04
maize,IE05,20081201,60.823
maize,IE06,20081201,56.104
maize,IE04,20081211,54.528
maize,IE05,20081211,59.203
maize,IE06,20081211,54.528
maize,IE04,20081221,53.361
maize,IE05,20081221,58.261
maize,IE06,20081221,53.527
maize,IE04,20090101,53.043
maize,IE05,20090101,58.167
maize,IE06,20090101,53.249
maize,IE04,20090111,53.414
maize,IE05,20090111,58.625
maize,IE06,20090111,53.507
maize,IE04,20090121,54.16
maize,IE05,20090121,59.312
maize,IE06,20090121,54.0
maize,IE04,20090201,55.131
maize,IE05,20090201,60.181
maize,IE06,20090201,54.569
maize,IE04,20090211,56.053
maize,IE05,20090211,60.63
maize,IE06,20090211,55.016
maize,IE04,20090221,57.572
maize,IE05,20090221,60.901
maize,IE06,20090221,55.985
maize,IE04,20090301,59.058
maize,IE05,20090301,61.387
maize,IE06,20090301,57.501
maize,IE04,20090311,61.253
maize,IE05,20090311,62.373
maize,IE06,20090311,59.995
maize,IE04,20090321,63.095
maize,IE05,20090321,63.542
maize,IE06,20090321,62.612
maize,IE04,20090401,64.966
maize,IE05,20090401,65.436
maize,IE06,20090401,65.956
maize,IE04,20090411,66.626
maize,IE05,20090411,67.716
maize,IE06,20090411,69.272
maize,IE04,20090421,68.016
maize,IE05,20090421,70.373
maize,IE06,20090421,72.642
maize,IE04,20090501,69.312
maize,IE05,20090501,73.082
maize,IE06,20090501,75.75
maize,IE04,20090511,71.12
maize,IE05,20090511,75.855
maize,IE06,20090511,78.458
maize,IE04,20090521,72.487
maize,IE05,20090521,78.041
maize,IE06,20090521,80.211
maize,IE04,20090601,73.627
maize,IE05,20090601,79.485
maize,IE06,20090601,80.878
maize,IE04,20090611,73.85
maize,IE05,20090611,79.518
maize,IE06,20090611,80.172
maize,IE04,20090621,73.847
maize,IE05,20090621,78.889
maize,IE06,20090621,78.717
maize,IE04,20090701,73.825
maize,IE05,20090701,77.63
maize,IE06,20090701,76.728
maize,IE04,20090711,73.248
maize,IE05,20090711,75.85
maize,IE06,20090711,74.268
maize,IE04,20090721,73.154
maize,IE05,20090721,74.156
maize,IE06,20090721,72.38
maize,IE04,20090801,72.845
maize,IE05,20090801,72.62
maize,IE06,20090801,70.628
maize,IE04,20090811,72.669
maize,IE05,20090811,71.896
maize,IE06,20090811,69.727
maize,IE04,20090821,72.96
maize,IE05,20090821,71.686
maize,IE06,20090821,69.526
maize,IE04,20090901,73.803
maize,IE05,20090901,72.03
maize,IE06,20090901,70.132
maize,IE04,20090911,73.751
maize,IE05,20090911,72.274
maize,IE06,20090911,70.51
maize,IE04,20090921,73.013
maize,IE05,20090921,72.589
maize,IE06,20090921,70.723
maize,IE04,20091001,71.946
maize,IE05,20091001,72.562
maize,IE06,20091001,70.519
maize,IE04,20091011,70.687
maize,IE05,20091011,72.322
maize,IE06,20091011,69.798
maize,IE04,20091021,68.741
maize,IE05,20091021,71.472
maize,IE06,20091021,68.496
maize,IE04,20091101,66.415
maize,IE05,20091101,70.012
maize,IE06,20091101,66.55
maize,IE04,20091111,63.718
maize,IE05,20091111,67.954
maize,IE06,20091111,64.474
maize,IE04,20091121,60.99
maize,IE05,20091121,65.624
maize,IE06,20091121,62.189
maize,IE04,20091201,58.25
maize,IE05,20091201,63.144
maize,IE06,20091201,59.734
maize,IE04,20091211,56.17
maize,IE05,20091211,60.991
maize,IE06,20091211,57.498
maize,IE04,20091221,54.479
maize,IE05,20091221,59.139
maize,IE06,20091221,55.695
maize,IE04,20100101,53.357
maize,IE05,20100101,57.716
maize,IE06,20100101,54.322
maize,IE04,20100111,52.823
maize,IE05,20100111,56.806
maize,IE06,20100111,53.448
maize,IE04,20100121,52.956
maize,IE05,20100121,56.29
maize,IE06,20100121,52.994
maize,IE04,20100201,52.831
maize,IE05,20100201,55.749
maize,IE06,20100201,52.154
maize,IE04,20100211,52.833
maize,IE05,20100211,55.319
maize,IE06,20100211,51.29
maize,IE04,20100221,52.622
maize,IE05,20100221,54.714
maize,IE06,20100221,50.545
maize,IE04,20100301,52.697
maize,IE05,20100301,54.573
maize,IE06,20100301,50.486
maize,IE04,20100311,53.256
maize,IE05,20100311,55.047
maize,IE06,20100311,51.369
maize,IE04,20100321,54.662
maize,IE05,20100321,56.644
maize,IE06,20100321,53.533
maize,IE04,20100401,56.947
maize,IE05,20100401,59.612
maize,IE06,20100401,57.309
maize,IE04,20100411,59.745
maize,IE05,20100411,63.094
maize,IE06,20100411,61.525
maize,IE04,20100421,63.17
maize,IE05,20100421,66.925
maize,IE06,20100421,66.316
maize,IE04,20100501,66.623
maize,IE05,20100501,70.759
maize,IE06,20100501,71.03
maize,IE04,20100511,69.758
maize,IE05,20100511,74.209
maize,IE06,20100511,75.195
maize,IE04,20100521,72.282
maize,IE05,20100521,76.981
maize,IE06,20100521,78.366
maize,IE04,20100601,74.014
maize,IE05,20100601,78.672
maize,IE06,20100601,80.213
maize,IE04,20100611,74.843
maize,IE05,20100611,79.053
maize,IE06,20100611,80.689
maize,IE04,20100621,74.806
maize,IE05,20100621,78.432
maize,IE06,20100621,79.839
maize,IE04,20100701,74.097
maize,IE05,20100701,76.819
maize,IE06,20100701,77.579
maize,IE04,20100711,73.534
maize,IE05,20100711,75.005
maize,IE06,20100711,75.164
maize,IE04,20100721,73.597
maize,IE05,20100721,73.508
maize,IE06,20100721,73.322
maize,IE04,20100801,74.175
maize,IE05,20100801,72.545
maize,IE06,20100801,72.147
maize,IE04,20100811,74.976
maize,IE05,20100811,72.185
maize,IE06,20100811,71.817
maize,IE04,20100821,76.089
maize,IE05,20100821,72.662
maize,IE06,20100821,72.128
maize,IE04,20100901,77.363
maize,IE05,20100901,74.021
maize,IE06,20100901,73.488
maize,IE04,20100911,77.831
maize,IE05,20100911,75.456
maize,IE06,20100911,74.409
maize,IE04,20100921,77.685
maize,IE05,20100921,76.985
maize,IE06,20100921,75.365
maize,IE04,20101001,76.554
maize,IE05,20101001,77.754
maize,IE06,20101001,75.445
maize,IE04,20101011,74.704
maize,IE05,20101011,77.319
maize,IE06,20101011,74.467
maize,IE04,20101021,71.846
maize,IE05,20101021,75.804
maize,IE06,20101021,72.519
maize,IE04,20101101,67.917
maize,IE05,20101101,73.212
maize,IE06,20101101,69.609
maize,IE04,20101111,63.733
maize,IE05,20101111,70.129
maize,IE06,20101111,66.152
maize,IE04,20101121,59.276
maize,IE05,20101121,66.438
maize,IE06,20101121,61.974
maize,IE04,20101201,54.878
maize,IE05,20101201,62.03
maize,IE06,20101201,57.359
maize,IE04,20101211,51.57
maize,IE05,20101211,58.418
maize,IE06,20101211,53.742
maize,IE04,20101221,49.751
maize,IE05,20101221,55.923
maize,IE06,20101221,51.359
maize,IE04,20110101,49.702
maize,IE05,20110101,55.194
maize,IE06,20110101,50.72
maize,IE04,20110111,50.876
maize,IE05,20110111,55.64
maize,IE06,20110111,51.231
maize,IE04,20110121,52.551
maize,IE05,20110121,56.626
maize,IE06,20110121,52.196
maize,IE04,20110201,54.324
maize,IE05,20110201,58.303
maize,IE06,20110201,53.68
maize,IE04,20110211,55.884
maize,IE05,20110211,60.268
maize,IE06,20110211,55.409
maize,IE04,20110221,57.943
maize,IE05,20110221,62.858
maize,IE06,20110221,58.111
maize,IE04,20110301,59.298
maize,IE05,20110301,64.817
maize,IE06,20110301,60.359
maize,IE04,20110311,61.277
maize,IE05,20110311,66.92
maize,IE06,20110311,63.074
maize,IE04,20110321,63.445
maize,IE05,20110321,69.058
maize,IE06,20110321,66.506
maize,IE04,20110401,66.409
maize,IE05,20110401,71.74
maize,IE06,20110401,70.664
maize,IE04,20110411,69.269
maize,IE05,20110411,74.364
maize,IE06,20110411,74.757
maize,IE04,20110421,71.897
maize,IE05,20110421,76.76
maize,IE06,20110421,78.238
maize,IE04,20110501,73.541
maize,IE05,20110501,78.163
maize,IE06,20110501,80.372
maize,IE04,20110511,74.147
maize,IE05,20110511,78.609
maize,IE06,20110511,81.091
maize,IE04,20110521,74.127
maize,IE05,20110521,78.478
maize,IE06,20110521,80.844
maize,IE04,20110601,73.836
maize,IE05,20110601,78.173
maize,IE06,20110601,80.19
maize,IE04,20110611,73.326
maize,IE05,20110611,77.508
maize,IE06,20110611,78.681
maize,IE04,20110621,72.801
maize,IE05,20110621,76.931
maize,IE06,20110621,77.514
maize,IE04,20110701,72.477
maize,IE05,20110701,75.9
maize,IE06,20110701,75.933
maize,IE04,20110711,72.79
maize,IE05,20110711,74.511
maize,IE06,20110711,74.363
maize,IE04,20110721,72.649
maize,IE05,20110721,72.746
maize,IE06,20110721,72.503
maize,IE04,20110801,71.768
maize,IE05,20110801,70.571
maize,IE06,20110801,70.151
maize,IE04,20110811,70.995
maize,IE05,20110811,69.542
maize,IE06,20110811,68.565
maize,IE04,20110821,70.7
maize,IE05,20110821,69.149
maize,IE06,20110821,67.852
maize,IE04,20110901,70.863
maize,IE05,20110901,69.291
maize,IE06,20110901,67.954
maize,IE04,20110911,71.341
maize,IE05,20110911,69.69
maize,IE06,20110911,68.51
maize,IE04,20110921,71.547
maize,IE05,20110921,70.788
maize,IE06,20110921,69.619
maize,IE04,20111001,71.245
maize,IE05,20111001,72.15
maize,IE06,20111001,70.71
maize,IE04,20111011,70.255
maize,IE05,20111011,73.224
maize,IE06,20111011,71.243
maize,IE04,20111021,68.527
maize,IE05,20111021,73.235
maize,IE06,20111021,71.175
maize,IE04,20111101,65.84
maize,IE05,20111101,72.071
maize,IE06,20111101,69.803
maize,IE04,20111111,63.266
maize,IE05,20111111,70.156
maize,IE06,20111111,67.848
maize,IE04,20111121,59.979
maize,IE05,20111121,67.443
maize,IE06,20111121,64.967
maize,IE04,20111201,56.802
maize,IE05,20111201,64.548
maize,IE06,20111201,61.697
maize,IE04,20111211,54.721
maize,IE05,20111211,62.434
maize,IE06,20111211,59.31
maize,IE04,20111221,53.025
maize,IE05,20111221,60.674
maize,IE06,20111221,57.182
maize,IE04,20120101,53.029
maize,IE05,20120101,59.955
maize,IE06,20120101,56.54
maize,IE04,20120111,54.147
maize,IE05,20120111,60.906
maize,IE06,20120111,57.412
maize,IE04,20120121,55.871
maize,IE05,20120121,62.556
maize,IE06,20120121,58.975
maize,IE04,20120201,58.319
maize,IE05,20120201,64.96
maize,IE06,20120201,61.504
maize,IE04,20120211,60.56
maize,IE05,20120211,67.398
maize,IE06,20120211,64.376
maize,IE04,20120221,62.77
maize,IE05,20120221,69.427
maize,IE06,20120221,67.477
maize,IE04,20120301,64.536
maize,IE05,20120301,71.356
maize,IE06,20120301,70.099
maize,IE04,20120311,66.227
maize,IE05,20120311,72.691
maize,IE06,20120311,72.629
maize,IE04,20120321,67.315
maize,IE05,20120321,73.471
maize,IE06,20120321,74.469
maize,IE04,20120401,67.88
maize,IE05,20120401,73.949
maize,IE06,20120401,75.736
maize,IE04,20120411,68.149
maize,IE05,20120411,74.284
maize,IE06,20120411,76.417
maize,IE04,20120421,68.63
maize,IE05,20120421,74.867
maize,IE06,20120421,77.276
maize,IE04,20120501,69.219
maize,IE05,20120501,75.579
maize,IE06,20120501,78.162
maize,IE04,20120511,69.896
maize,IE05,20120511,75.881
maize,IE06,20120511,79.056
maize,IE04,20120521,70.275
maize,IE05,20120521,76.116
maize,IE06,20120521,79.669
maize,IE04,20120601,70.041
maize,IE05,20120601,75.005
maize,IE06,20120601,79.003
maize,IE04,20120611,69.242
maize,IE05,20120611,73.613
maize,IE06,20120611,77.613
maize,IE04,20120621,67.814
maize,IE05,20120621,72.586
maize,IE06,20120621,75.638
maize,IE04,20120701,67.697
maize,IE05,20120701,72.33
maize,IE06,20120701,74.268
maize,IE04,20120711,68.413
maize,IE05,20120711,71.795
maize,IE06,20120711,72.465
maize,IE04,20120721,69.784
maize,IE05,20120721,71.616
maize,IE06,20120721,71.031
maize,IE04,20120801,71.801
maize,IE05,20120801,71.038
maize,IE06,20120801,69.466
maize,IE04,20120811,73.502
maize,IE05,20120811,71.155
maize,IE06,20120811,68.933
maize,IE04,20120821,74.335
maize,IE05,20120821,70.949
maize,IE06,20120821,68.368
maize,IE04,20120901,75.159
maize,IE05,20120901,71.078
maize,IE06,20120901,68.478
maize,IE04,20120911,74.878
maize,IE05,20120911,71.335
maize,IE06,20120911,68.267
maize,IE04,20120921,73.626
maize,IE05,20120921,71.714
maize,IE06,20120921,67.882
maize,IE04,20121001,71.598
maize,IE05,20121001,71.897
maize,IE06,20121001,67.265
maize,IE04,20121011,68.973
maize,IE05,20121011,71.642
maize,IE06,20121011,66.462
maize,IE04,20121021,66.605
maize,IE05,20121021,70.813
maize,IE06,20121021,65.374
maize,IE04,20121101,64.306
maize,IE05,20121101,69.458
maize,IE06,20121101,63.988
maize,IE04,20121111,62.176
maize,IE05,20121111,67.912
maize,IE06,20121111,62.6
maize,IE04,20121121,59.944
maize,IE05,20121121,66.063
maize,IE06,20121121,60.706
maize,IE04,20121201,57.601
maize,IE05,20121201,64.315
maize,IE06,20121201,58.459
maize,IE04,20121211,55.576
maize,IE05,20121211,62.628
maize,IE06,20121211,56.561
maize,IE04,20121221,54.541
maize,IE05,20121221,61.769
maize,IE06,20121221,55.364
maize,IE04,20130101,54.136
maize,IE05,20130101,61.413
maize,IE06,20130101,54.679
maize,IE04,20130111,54.895
maize,IE05,20130111,61.911
maize,IE06,20130111,54.913
maize,IE04,20130121,55.961
maize,IE05,20130121,62.425
maize,IE06,20130121,55.521
maize,IE04,20130201,57.319
maize,IE05,20130201,62.875
maize,IE06,20130201,56.269
maize,IE04,20130211,58.263
maize,IE05,20130211,62.8
maize,IE06,20130211,56.616
maize,IE04,20130221,58.165
maize,IE05,20130221,62.179
maize,IE06,20130221,56.08
maize,IE04,20130301,57.361
maize,IE05,20130301,61.31
maize,IE06,20130301,54.991
maize,IE04,20130311,56.09
maize,IE05,20130311,60.436
maize,IE06,20130311,53.765
maize,IE04,20130321,55.056
maize,IE05,20130321,59.688
maize,IE06,20130321,53.112
maize,IE04,20130401,55.221
maize,IE05,20130401,60.26
maize,IE06,20130401,54.361
maize,IE04,20130411,56.514
maize,IE05,20130411,62.311
maize,IE06,20130411,57.12
maize,IE04,20130421,59.211
maize,IE05,20130421,65.541
maize,IE06,20130421,61.322
maize,IE04,20130501,62.544
maize,IE05,20130501,69.429
maize,IE06,20130501,66.471
maize,IE04,20130511,65.949
maize,IE05,20130511,73.315
maize,IE06,20130511,71.8
maize,IE04,20130521,69.473
maize,IE05,20130521,76.625
maize,IE06,20130521,76.665
maize,IE04,20130601,72.71
maize,IE05,20130601,79.085
maize,IE06,20130601,80.56
maize,IE04,20130611,74.733
maize,IE05,20130611,80.178
maize,IE06,20130611,82.413
maize,IE04,20130621,76.183
maize,IE05,20130621,80.15
maize,IE06,20130621,82.796
maize,IE04,20130701,77.372
maize,IE05,20130701,79.182
maize,IE06,20130701,82.069
maize,IE04,20130711,77.455
maize,IE05,20130711,76.9
maize,IE06,20130711,79.85
maize,IE04,20130721,76.998
maize,IE05,20130721,74.15
maize,IE06,20130721,76.816
maize,IE04,20130801,75.897
maize,IE05,20130801,71.695
maize,IE06,20130801,73.31
maize,IE04,20130811,75.079
maize,IE05,20130811,70.403
maize,IE06,20130811,70.951
maize,IE04,20130821,74.299
maize,IE05,20130821,70.096
maize,IE06,20130821,69.519
maize,IE04,20130901,74.25
maize,IE05,20130901,70.727
maize,IE06,20130901,69.0
maize,IE04,20130911,74.798
maize,IE05,20130911,71.828
maize,IE06,20130911,69.268
maize,IE04,20130921,75.05
maize,IE05,20130921,73.117
maize,IE06,20130921,69.874
maize,IE04,20131001,75.226
maize,IE05,20131001,74.372
maize,IE06,20131001,70.75
maize,IE04,20131011,74.845
maize,IE05,20131011,75.292
maize,IE06,20131011,71.834
maize,IE04,20131021,73.72
maize,IE05,20131021,75.097
maize,IE06,20131021,72.156
maize,IE04,20131101,71.031
maize,IE05,20131101,73.775
maize,IE06,20131101,71.417
maize,IE04,20131111,68.228
maize,IE05,20131111,71.913
maize,IE06,20131111,69.737
maize,IE04,20131121,64.91
maize,IE05,20131121,69.734
maize,IE06,20131121,67.507
maize,IE04,20131201,61.7
maize,IE05,20131201,67.245
maize,IE06,20131201,64.63
maize,IE04,20131211,59.114
maize,IE05,20131211,65.077
maize,IE06,20131211,62.598
maize,IE04,20131221,58.032
maize,IE05,20131221,64.037
maize,IE06,20131221,61.52
maize,IE04,20140101,57.913
maize,IE05,20140101,63.085
maize,IE06,20140101,60.941
maize,IE04,20140111,58.492
maize,IE05,20140111,63.348
maize,IE06,20140111,60.918
maize,IE04,20140121,59.056
maize,IE05,20140121,63.831
maize,IE06,20140121,61.01
maize,IE04,20140201,60.247
maize,IE05,20140201,64.62
maize,IE06,20140201,61.376
maize,IE04,20140211,61.033
maize,IE05,20140211,65.595
maize,IE06,20140211,62.144
maize,IE04,20140221,62.268
maize,IE05,20140221,66.75
maize,IE06,20140221,63.545
maize,IE04,20140301,62.588
maize,IE05,20140301,67.585
maize,IE06,20140301,64.656
maize,IE04,20140311,63.306
maize,IE05,20140311,68.591
maize,IE06,20140311,66.534
maize,IE04,20140321,64.315
maize,IE05,20140321,69.453
maize,IE06,20140321,68.602
maize,IE04,20140401,65.502
maize,IE05,20140401,70.549
maize,IE06,20140401,71.217
maize,IE04,20140411,66.72
maize,IE05,20140411,71.702
maize,IE06,20140411,73.554
maize,IE04,20140421,67.806
maize,IE05,20140421,72.935
maize,IE06,20140421,75.34
maize,IE04,20140501,68.877
maize,IE05,20140501,74.049
maize,IE06,20140501,76.493
maize,IE04,20140511,69.881
maize,IE05,20140511,75.209
maize,IE06,20140511,77.086
maize,IE04,20140521,71.304
maize,IE05,20140521,76.32
maize,IE06,20140521,77.696
maize,IE04,20140601,73.104
maize,IE05,20140601,77.344
maize,IE06,20140601,78.348
maize,IE04,20140611,74.556
maize,IE05,20140611,77.844
maize,IE06,20140611,78.637
maize,IE04,20140621,75.653
maize,IE05,20140621,77.822
maize,IE06,20140621,78.193
maize,IE04,20140701,76.404
maize,IE05,20140701,77.083
maize,IE06,20140701,77.159
maize,IE04,20140711,77.035
maize,IE05,20140711,75.782
maize,IE06,20140711,75.489
maize,IE04,20140721,77.974
maize,IE05,20140721,74.483
maize,IE06,20140721,73.988
maize,IE04,20140801,78.042
maize,IE05,20140801,73.019
maize,IE06,20140801,72.173
maize,IE04,20140811,78.05
maize,IE05,20140811,72.364
maize,IE06,20140811,71.341
maize,IE04,20140821,77.71
maize,IE05,20140821,72.367
maize,IE06,20140821,71.099
maize,IE04,20140901,77.742
maize,IE05,20140901,73.011
maize,IE06,20140901,71.652
maize,IE04,20140911,77.777
maize,IE05,20140911,73.77
maize,IE06,20140911,72.504
maize,IE04,20140921,77.474
maize,IE05,20140921,74.481
maize,IE06,20140921,73.22
maize,IE04,20141001,76.307
maize,IE05,20141001,74.7
maize,IE06,20141001,73.36
maize,IE04,20141011,74.837
maize,IE05,20141011,74.553
maize,IE06,20141011,72.952
maize,IE04,20141021,72.964
maize,IE05,20141021,74.231
maize,IE06,20141021,72.319
maize,IE04,20141101,70.614
maize,IE05,20141101,73.56
maize,IE06,20141101,71.123
maize,IE04,20141111,68.112
maize,IE05,20141111,72.872
maize,IE06,20141111,70.004
maize,IE04,20141121,65.001
maize,IE05,20141121,71.731
maize,IE06,20141121,68.174
maize,IE04,20141201,61.986
maize,IE05,20141201,70.017
maize,IE06,20141201,65.814
maize,IE04,20141211,59.666
maize,IE05,20141211,68.542
maize,IE06,20141211,63.943
maize,IE04,20141221,58.437
maize,IE05,20141221,67.41
maize,IE06,20141221,62.606
maize,IE04,20150101,57.974
maize,IE05,20150101,67.167
maize,IE06,20150101,62.124
maize,IE04,20150111,58.282
maize,IE05,20150111,67.564
maize,IE06,20150111,62.212
maize,IE04,20150121,58.765
maize,IE05,20150121,67.861
maize,IE06,20150121,62.432
maize,IE04,20150201,59.036
maize,IE05,20150201,67.8
maize,IE06,20150201,62.42
maize,IE04,20150211,59.623
maize,IE05,20150211,67.892
maize,IE06,20150211,62.695
maize,IE04,20150221,60.713
maize,IE05,20150221,68.316
maize,IE06,20150221,63.582
maize,IE04,20150301,61.449
maize,IE05,20150301,68.978
maize,IE06,20150301,64.582
maize,IE04,20150311,62.506
maize,IE05,20150311,70.025
maize,IE06,20150311,66.217
maize,IE04,20150321,63.748
maize,IE05,20150321,71.228
maize,IE06,20150321,68.228
maize,IE04,20150401,65.744
maize,IE05,20150401,72.953
maize,IE06,20150401,71.025
maize,IE04,20150411,67.664
maize,IE05,20150411,74.703
maize,IE06,20150411,73.811
maize,IE04,20150421,69.17
maize,IE05,20150421,76.172
maize,IE06,20150421,76.332
maize,IE04,20150501,69.914
maize,IE05,20150501,77.089
maize,IE06,20150501,78.091
maize,IE04,20150511,70.016
maize,IE05,20150511,77.502
maize,IE06,20150511,79.127
maize,IE04,20150521,70.382
maize,IE05,20150521,77.726
maize,IE06,20150521,79.794
maize,IE04,20150601,70.515
maize,IE05,20150601,77.544
maize,IE06,20150601,79.992
maize,IE04,20150611,70.84
maize,IE05,20150611,77.065
maize,IE06,20150611,79.376
maize,IE04,20150621,71.032
maize,IE05,20150621,76.209
maize,IE06,20150621,77.987
maize,IE04,20150701,71.282
maize,IE05,20150701,75.145
maize,IE06,20150701,75.825
maize,IE04,20150711,72.054
maize,IE05,20150711,74.024
maize,IE06,20150711,73.671
maize,IE04,20150721,73.498
maize,IE05,20150721,73.522
maize,IE06,20150721,72.181
maize,IE04,20150801,74.861
maize,IE05,20150801,72.663
maize,IE06,20150801,70.803
maize,IE04,20150811,75.813
maize,IE05,20150811,72.52
maize,IE06,20150811,70.036
maize,IE04,20150821,76.144
maize,IE05,20150821,72.68
maize,IE06,20150821,69.959
maize,IE04,20150901,76.723
maize,IE05,20150901,73.65
maize,IE06,20150901,70.399
maize,IE04,20150911,76.892
maize,IE05,20150911,74.618
maize,IE06,20150911,71.076
maize,IE04,20150921,76.798
maize,IE05,20150921,75.486
maize,IE06,20150921,71.75
maize,IE04,20151001,76.413
maize,IE05,20151001,75.85
maize,IE06,20151001,72.025
maize,IE04,20151011,74.992
maize,IE05,20151011,75.338
maize,IE06,20151011,71.549
maize,IE04,20151021,72.909
maize,IE05,20151021,74.307
maize,IE06,20151021,70.662
maize,IE04,20151101,69.977
maize,IE05,20151101,72.474
maize,IE06,20151101,69.299
maize,IE04,20151111,66.953
maize,IE05,20151111,70.618
maize,IE06,20151111,68.072
maize,IE04,20151121,63.561
maize,IE05,20151121,68.168
maize,IE06,20151121,66.261
maize,IE04,20151201,60.482
maize,IE05,20151201,66.178
maize,IE06,20151201,64.594
maize,IE04,20151211,57.726
maize,IE05,20151211,64.569
maize,IE06,20151211,62.989
maize,IE04,20151221,56.219
maize,IE05,20151221,64.125
maize,IE06,20151221,62.201
maize,IE04,20160101,56.606
maize,IE05,20160101,65.008
maize,IE06,20160101,62.641
maize,IE04,20160111,58.445
maize,IE05,20160111,66.022
maize,IE06,20160111,63.478
maize,IE04,20160121,60.257
maize,IE05,20160121,66.673
maize,IE06,20160121,63.927
maize,IE04,20160201,62.239
maize,IE05,20160201,67.138
maize,IE06,20160201,64.294
maize,IE04,20160211,63.243
maize,IE05,20160211,67.293
maize,IE06,20160211,64.035
maize,IE04,20160221,64.03
maize,IE05,20160221,67.468
maize,IE06,20160221,64.316
maize,IE04,20160301,64.056
maize,IE05,20160301,66.989
maize,IE06,20160301,64.166
maize,IE04,20160311,64.238
maize,IE05,20160311,66.668
maize,IE06,20160311,64.688
maize,IE04,20160321,64.115
maize,IE05,20160321,66.566
maize,IE06,20160321,65.608
maize,IE04,20160401,64.525
maize,IE05,20160401,67.193
maize,IE06,20160401,67.437
maize,IE04,20160411,65.502
maize,IE05,20160411,68.559
maize,IE06,20160411,69.692
maize,IE04,20160421,67.143
maize,IE05,20160421,70.265
maize,IE06,20160421,72.545
maize,IE04,20160501,69.213
maize,IE05,20160501,72.506
maize,IE06,20160501,75.469
maize,IE04,20160511,71.23
maize,IE05,20160511,74.584
maize,IE06,20160511,77.999
maize,IE04,20160521,72.655
maize,IE05,20160521,76.616
maize,IE06,20160521,79.752
maize,IE04,20160601,73.495
maize,IE05,20160601,77.726
maize,IE06,20160601,80.098
maize,IE04,20160611,73.678
maize,IE05,20160611,78.362
maize,IE06,20160611,79.598
maize,IE04,20160621,74.057
maize,IE05,20160621,78.659
maize,IE06,20160621,78.64
maize,IE04,20160701,74.584
maize,IE05,20160701,78.7
maize,IE06,20160701,77.548
maize,IE04,20160711,75.148
maize,IE05,20160711,78.311
maize,IE06,20160711,76.351
maize,IE04,20160721,76.067
maize,IE05,20160721,77.085
maize,IE06,20160721,75.031
maize,IE04,20160801,76.695
maize,IE05,20160801,75.199
maize,IE06,20160801,73.465
maize,IE04,20160811,77.198
maize,IE05,20160811,73.787
maize,IE06,20160811,72.46
maize,IE04,20160821,77.502
maize,IE05,20160821,72.947
maize,IE06,20160821,71.913
maize,IE04,20160901,77.365
maize,IE05,20160901,73.104
maize,IE06,20160901,72.038
maize,IE04,20160911,76.869
maize,IE05,20160911,73.602
maize,IE06,20160911,72.115
maize,IE04,20160921,75.804
maize,IE05,20160921,74.123
maize,IE06,20160921,72.006
maize,IE04,20161001,74.359
maize,IE05,20161001,74.322
maize,IE06,20161001,71.651
maize,IE04,20161011,73.161
maize,IE05,20161011,73.986
maize,IE06,20161011,71.057
maize,IE04,20161021,71.295
maize,IE05,20161021,73.683
maize,IE06,20161021,70.32
maize,IE04,20161101,68.898
maize,IE05,20161101,72.727
maize,IE06,20161101,69.035
maize,IE04,20161111,66.366
maize,IE05,20161111,71.709
maize,IE06,20161111,67.894
maize,IE04,20161121,63.918
maize,IE05,20161121,70.277
maize,IE06,20161121,66.372
maize,IE04,20161201,61.397
maize,IE05,20161201,68.794
maize,IE06,20161201,64.621
maize,IE04,20161211,59.007
maize,IE05,20161211,67.213
maize,IE06,20161211,62.691
maize,IE04,20161221,57.419
maize,IE05,20161221,66.514
maize,IE06,20161221,61.784
maize,IE04,20170101,57.485
maize,IE05,20170101,67.244
maize,IE06,20170101,62.197
maize,IE04,20170111,58.44
maize,IE05,20170111,68.12
maize,IE06,20170111,63.144
maize,IE04,20170121,59.981
maize,IE05,20170121,69.068
maize,IE06,20170121,64.471
maize,IE04,20170201,61.232
maize,IE05,20170201,69.46
maize,IE06,20170201,65.518
maize,IE04,20170211,62.3
maize,IE05,20170211,70.112
maize,IE06,20170211,66.852
maize,IE04,20170221,63.221
maize,IE05,20170221,71.134
maize,IE06,20170221,68.549
maize,IE04,20170301,64.235
maize,IE05,20170301,72.393
maize,IE06,20170301,70.264
maize,IE04,20170311,65.196
maize,IE05,20170311,73.305
maize,IE06,20170311,71.986
maize,IE04,20170321,66.361
maize,IE05,20170321,73.964
maize,IE06,20170321,73.556
maize,IE04,20170401,67.554
maize,IE05,20170401,74.43
maize,IE06,20170401,74.982
maize,IE04,20170411,69.004
maize,IE05,20170411,74.584
maize,IE06,20170411,76.163
maize,IE04,20170421,70.496
maize,IE05,20170421,75.1
maize,IE06,20170421,77.58
maize,IE04,20170501,72.203
maize,IE05,20170501,75.921
maize,IE06,20170501,78.97
maize,IE04,20170511,73.545
maize,IE05,20170511,76.902
maize,IE06,20170511,80.222
maize,IE04,20170521,74.62
maize,IE05,20170521,77.685
maize,IE06,20170521,81.007
maize,IE04,20170601,75.706
maize,IE05,20170601,78.487
maize,IE06,20170601,81.598
maize,IE04,20170611,76.583
maize,IE05,20170611,78.7
maize,IE06,20170611,81.535
maize,IE04,20170621,77.375
maize,IE05,20170621,78.294
maize,IE06,20170621,80.788
maize,IE04,20170701,78.567
maize,IE05,20170701,77.555
maize,IE06,20170701,79.474
maize,IE04,20170711,79.033
maize,IE05,20170711,76.19
maize,IE06,20170711,77.407
maize,IE04,20170721,78.855
maize,IE05,20170721,74.824
maize,IE06,20170721,75.065
maize,IE04,20170801,77.399
maize,IE05,20170801,73.661
maize,IE06,20170801,72.761
maize,IE04,20170811,76.187
maize,IE05,20170811,73.315
maize,IE06,20170811,71.423
maize,IE04,20170821,74.681
maize,IE05,20170821,73.284
maize,IE06,20170821,70.588
maize,IE04,20170901,73.906
maize,IE05,20170901,73.69
maize,IE06,20170901,70.834
maize,IE04,20170911,72.894
maize,IE05,20170911,73.865
maize,IE06,20170911,71.179
maize,IE04,20170921,71.856
maize,IE05,20170921,74.151
maize,IE06,20170921,71.839
maize,IE04,20171001,70.342
maize,IE05,20171001,73.364
maize,IE06,20171001,71.362
maize,IE04,20171011,69.007
maize,IE05,20171011,72.511
maize,IE06,20171011,70.496
maize,IE04,20171021,67.867
maize,IE05,20171021,71.824
maize,IE06,20171021,69.493
maize,IE04,20171101,65.959
maize,IE05,20171101,70.762
maize,IE06,20171101,67.824
maize,IE04,20171111,63.932
maize,IE05,20171111,69.71
maize,IE06,20171111,65.963
maize,IE04,20171121,61.192
maize,IE05,20171121,68.542
maize,IE06,20171121,63.779
maize,IE04,20171201,59.18
maize,IE05,20171201,67.41
maize,IE06,20171201,61.798
maize,IE04,20171211,57.803
maize,IE05,20171211,66.304
maize,IE06,20171211,60.231
maize,IE04,20171221,57.377
maize,IE05,20171221,65.57
maize,IE06,20171221,59.4
maize,IE04,20180101,57.958
maize,IE05,20180101,65.85
maize,IE06,20180101,59.956
maize,IE04,20180111,59.144
maize,IE05,20180111,66.687
maize,IE06,20180111,61.242
maize,IE04,20180121,60.064
maize,IE05,20180121,67.023
maize,IE06,20180121,62.286
maize,IE04,20180201,61.102
maize,IE05,20180201,67.273
maize,IE06,20180201,63.433
maize,IE04,20180211,61.467
maize,IE05,20180211,66.924
maize,IE06,20180211,63.638
maize,IE04,20180221,60.925
maize,IE05,20180221,66.024
maize,IE06,20180221,63.048
maize,IE04,20180301,60.286
maize,IE05,20180301,65.486
maize,IE06,20180301,62.544
maize,IE04,20180311,59.819
maize,IE05,20180311,65.119
maize,IE06,20180311,62.189
maize,IE04,20180321,59.785
maize,IE05,20180321,65.303
maize,IE06,20180321,62.706
maize,IE04,20180401,60.844
maize,IE05,20180401,66.577
maize,IE06,20180401,64.752
maize,IE04,20180411,62.856
maize,IE05,20180411,68.703
maize,IE06,20180411,67.881
maize,IE04,20180421,65.526
maize,IE05,20180421,71.287
maize,IE06,20180421,71.532
maize,IE04,20180501,68.24
maize,IE05,20180501,73.517
maize,IE06,20180501,74.794
maize,IE04,20180511,70.74
maize,IE05,20180511,75.159
maize,IE06,20180511,77.219
maize,IE04,20180521,72.584
maize,IE05,20180521,75.922
maize,IE06,20180521,78.515
maize,IE04,20180601,73.762
maize,IE05,20180601,75.484
maize,IE06,20180601,78.17
maize,IE04,20180611,74.207
maize,IE05,20180611,74.134
maize,IE06,20180611,76.171
maize,IE04,20180621,74.039
maize,IE05,20180621,71.82
maize,IE06,20180621,72.978
maize,IE04,20180701,73.083
maize,IE05,20180701,68.85
maize,IE06,20180701,69.169
maize,IE04,20180711,72.03
maize,IE05,20180711,66.175
maize,IE06,20180711,65.89
maize,IE04,20180721,71.538
maize,IE05,20180721,65.028
maize,IE06,20180721,64.452
maize,IE04,20180801,71.39
maize,IE05,20180801,65.929
maize,IE06,20180801,64.86
maize,IE04,20180811,72.056
maize,IE05,20180811,68.373
maize,IE06,20180811,66.567
maize,IE04,20180821,73.014
maize,IE05,20180821,71.355
maize,IE06,20180821,68.818
maize,IE04,20180901,73.7
maize,IE05,20180901,74.484
maize,IE06,20180901,71.174
maize,IE04,20180911,73.801
maize,IE05,20180911,76.723
maize,IE06,20180911,72.801
maize,IE04,20180921,73.444
maize,IE05,20180921,77.983
maize,IE06,20180921,73.622
maize,IE04,20181001,72.874
maize,IE05,20181001,78.297
maize,IE06,20181001,73.791
maize,IE04,20181011,71.693
maize,IE05,20181011,77.796
maize,IE06,20181011,73.334
maize,IE04,20181021,69.895
maize,IE05,20181021,76.262
maize,IE06,20181021,71.97
maize,IE04,20181101,67.588
maize,IE05,20181101,73.84
maize,IE06,20181101,69.849
maize,IE04,20181111,65.086
maize,IE05,20181111,71.492
maize,IE06,20181111,67.421
maize,IE04,20181121,62.137
maize,IE05,20181121,69.304
maize,IE06,20181121,64.767
maize,IE04,20181201,59.145
maize,IE05,20181201,67.091
maize,IE06,20181201,62.027
maize,IE04,20181211,56.719
maize,IE05,20181211,65.653
maize,IE06,20181211,60.183
maize,IE04,20181221,55.831
maize,IE05,20181221,65.461
maize,IE06,20181221,60.077
maize,IE04,20190101,56.306
maize,IE05,20190101,67.216
maize,IE06,20190101,62.028
maize,IE04,20190111,58.299
maize,IE05,20190111,69.727
maize,IE06,20190111,65.185
maize,IE04,20190121,60.982
maize,IE05,20190121,72.336
maize,IE06,20190121,68.706
maize,IE04,20190201,63.704
maize,IE05,20190201,74.381
maize,IE06,20190201,71.525
maize,IE04,20190211,65.146
maize,IE05,20190211,75.38
maize,IE06,20190211,73.034
maize,IE04,20190221,66.516
maize,IE05,20190221,75.858
maize,IE06,20190221,74.252
maize,IE04,20190301,67.097
maize,IE05,20190301,76.198
maize,IE06,20190301,74.927
maize,IE04,20190311,67.67
maize,IE05,20190311,76.065
maize,IE06,20190311,75.572
maize,IE04,20190321,68.243
maize,IE05,20190321,75.393
maize,IE06,20190321,75.827
maize,IE04,20190401,68.239
maize,IE05,20190401,74.559
maize,IE06,20190401,76.006
maize,IE04,20190411,68.439
maize,IE05,20190411,73.984
maize,IE06,20190411,76.276
maize,IE04,20190421,68.766
maize,IE05,20190421,74.03
maize,IE06,20190421,76.59
maize,IE04,20190501,68.819
maize,IE05,20190501,74.28
maize,IE06,20190501,76.75
maize,IE04,20190511,68.808
maize,IE05,20190511,74.629
maize,IE06,20190511,76.663
maize,IE04,20190521,68.525
maize,IE05,20190521,74.778
maize,IE06,20190521,76.294
maize,IE04,20190601,69.102
maize,IE05,20190601,75.224
maize,IE06,20190601,76.311
maize,IE04,20190611,69.926
maize,IE05,20190611,75.753
maize,IE06,20190611,76.591
maize,IE04,20190621,71.188
maize,IE05,20190621,76.053
maize,IE06,20190621,76.702
maize,IE04,20190701,73.135
maize,IE05,20190701,76.209
maize,IE06,20190701,76.73
maize,IE04,20190711,74.377
maize,IE05,20190711,75.329
maize,IE06,20190711,75.92
maize,IE04,20190721,75.218
maize,IE05,20190721,74.342
maize,IE06,20190721,74.681
maize,IE04,20190801,75.883
maize,IE05,20190801,73.813
maize,IE06,20190801,73.579
maize,IE04,20190811,76.535
maize,IE05,20190811,74.267
maize,IE06,20190811,73.353
maize,IE04,20190821,77.168
maize,IE05,20190821,75.118
maize,IE06,20190821,73.614
maize,IE04,20190901,77.57
maize,IE05,20190901,76.252
maize,IE06,20190901,74.278
maize,IE04,20190911,77.552
maize,IE05,20190911,77.245
maize,IE06,20190911,74.981
maize,IE04,20190921,76.964
maize,IE05,20190921,77.559
maize,IE06,20190921,75.181
maize,IE04,20191001,75.593
maize,IE05,20191001,77.111
maize,IE06,20191001,74.646
maize,IE04,20191011,73.775
maize,IE05,20191011,75.553
maize,IE06,20191011,73.075
maize,IE04,20191021,71.061
maize,IE05,20191021,73.033
maize,IE06,20191021,70.599
maize,IE04,20191101,67.664
maize,IE05,20191101,69.669
maize,IE06,20191101,67.095
maize,IE04,20191111,63.972
maize,IE05,20191111,66.649
maize,IE06,20191111,63.593
maize,IE04,20191121,60.371
maize,IE05,20191121,64.013
maize,IE06,20191121,60.374
maize,IE04,20191201,57.441
maize,IE05,20191201,62.111
maize,IE06,20191201,57.789
maize,IE04,20191211,55.504
maize,IE05,20191211,61.267
maize,IE06,20191211,56.451
maize,IE04,20191221,54.903
maize,IE05,20191221,61.827
maize,IE06,20191221,56.454
maize,IE04,20200101,55.453
maize,IE05,20200101,63.554
maize,IE06,20200101,57.56
maize,IE04,20200111,56.676
maize,IE05,20200111,65.512
maize,IE06,20200111,59.121
maize,IE04,20200121,58.531
maize,IE05,20200121,67.276
maize,IE06,20200121,60.758
maize,IE04,20200201,60.829
maize,IE05,20200201,68.481
maize,IE06,20200201,62.096
maize,IE04,20200211,62.726
maize,IE05,20200211,69.338
maize,IE06,20200211,63.122
maize,IE04,20200221,64.222
maize,IE05,20200221,69.95
maize,IE06,20200221,64.178
maize,IE04,20200301,65.31
maize,IE05,20200301,70.208
maize,IE06,20200301,64.954
maize,IE04,20200311,66.225
maize,IE05,20200311,70.492
maize,IE06,20200311,66.125
maize,IE04,20200321,67.097
maize,IE05,20200321,70.962
maize,IE06,20200321,67.581
maize,IE04,20200401,68.307
maize,IE05,20200401,71.893
maize,IE06,20200401,69.678
maize,IE04,20200411,69.243
maize,IE05,20200411,73.202
maize,IE06,20200411,71.889
maize,IE04,20200421,69.864
maize,IE05,20200421,74.503
maize,IE06,20200421,73.772
maize,IE04,20200501,69.953
maize,IE05,20200501,75.385
maize,IE06,20200501,74.908
maize,IE04,20200511,69.158
maize,IE05,20200511,75.667
maize,IE06,20200511,75.163
maize,IE04,20200521,68.416
maize,IE05,20200521,75.555
maize,IE06,20200521,74.937
maize,IE04,20200601,67.682
maize,IE05,20200601,75.161
maize,IE06,20200601,74.593
maize,IE04,20200611,67.459
maize,IE05,20200611,74.826
maize,IE06,20200611,74.249
maize,IE04,20200621,67.69
maize,IE05,20200621,74.183
maize,IE06,20200621,73.839
maize,IE04,20200701,69.084
maize,IE05,20200701,74.282
maize,IE06,20200701,73.251
maize,IE04,20200711,70.937
maize,IE05,20200711,74.569
maize,IE06,20200711,72.525
maize,IE04,20200721,73.58
maize,IE05,20200721,74.862
maize,IE06,20200721,72.04
maize,IE04,20200801,75.943
maize,IE05,20200801,74.946
maize,IE06,20200801,71.703
maize,IE04,20200811,78.334
maize,IE05,20200811,75.382
maize,IE06,20200811,72.006
maize,IE04,20200821,79.305
maize,IE05,20200821,75.398
maize,IE06,20200821,71.822
maize,IE04,20200901,80.115
maize,IE05,20200901,76.17
maize,IE06,20200901,72.506
maize,IE04,20200911,79.789
maize,IE05,20200911,76.383
maize,IE06,20200911,72.788
maize,IE04,20200921,78.549
maize,IE05,20200921,76.396
maize,IE06,20200921,72.923
maize,IE04,20201001,76.075
maize,IE05,20201001,75.694
maize,IE06,20201001,72.349
maize,IE04,20201011,73.042
maize,IE05,20201011,74.428
maize,IE06,20201011,71.113
maize,IE04,20201021,69.983
maize,IE05,20201021,73.109
maize,IE06,20201021,69.793
maize,IE04,20201101,66.948
maize,IE05,20201101,71.631
maize,IE06,20201101,68.546
maize,IE04,20201111,64.534
maize,IE05,20201111,70.674
maize,IE06,20201111,67.584
maize,IE04,20201121,62.014
maize,IE05,20201121,69.316
maize,IE06,20201121,65.918
maize,IE04,20201201,60.017
maize,IE05,20201201,67.975
maize,IE06,20201201,64.051
maize,IE04,20201211,58.811
maize,IE05,20201211,66.901
maize,IE06,20201211,62.083
maize,IE04,20201221,58.66
maize,IE05,20201221,66.571
maize,IE06,20201221,60.879
maize,IE04,20210101,58.723
maize,IE05,20210101,66.527
maize,IE06,20210101,59.997
maize,IE04,20210111,59.024
maize,IE05,20210111,66.533
maize,IE06,20210111,59.806
maize,IE04,20210121,59.514
maize,IE05,20210121,66.329
maize,IE06,20210121,60.034
maize,IE04,20210201,60.375
maize,IE05,20210201,66.562
maize,IE06,20210201,61.143
maize,IE04,20210211,61.368
maize,IE05,20210211,67.117
maize,IE06,20210211,62.749
maize,IE04,20210221,62.815
maize,IE05,20210221,68.147
maize,IE06,20210221,64.973
maize,IE04,20210301,63.755
maize,IE05,20210301,68.867
maize,IE06,20210301,66.724
maize,IE04,20210311,64.998
maize,IE05,20210311,69.668
maize,IE06,20210311,68.711
maize,IE04,20210321,66.325
maize,IE05,20210321,70.526
maize,IE06,20210321,70.523
maize,IE04,20210401,67.383
maize,IE05,20210401,71.447
maize,IE06,20210401,71.928
maize,IE04,20210411,67.945
maize,IE05,20210411,72.28
maize,IE06,20210411,72.687
maize,IE04,20210421,67.728
maize,IE05,20210421,72.527
maize,IE06,20210421,72.754
maize,IE04,20210501,67.763
maize,IE05,20210501,72.857
maize,IE06,20210501,72.988
maize,IE04,20210511,67.986
maize,IE05,20210511,73.129
maize,IE06,20210511,73.341
maize,IE04,20210521,68.599
maize,IE05,20210521,73.885
maize,IE06,20210521,74.104
maize,IE04,20210601,70.296
maize,IE05,20210601,75.148
maize,IE06,20210601,75.865
maize,IE04,20210611,71.837
maize,IE05,20210611,76.229
maize,IE06,20210611,77.245
maize,IE04,20210621,74.08
maize,IE05,20210621,77.079
maize,IE06,20210621,78.39
maize,IE04,20210701,76.45
maize,IE05,20210701,77.934
maize,IE06,20210701,79.024
maize,IE04,20210711,78.86
maize,IE05,20210711,78.381
maize,IE06,20210711,78.968
maize,IE04,20210721,80.319
maize,IE05,20210721,78.233
maize,IE06,20210721,78.318
maize,IE04,20210801,81.044
maize,IE05,20210801,77.455
maize,IE06,20210801,77.16
maize,IE04,20210811,81.378
maize,IE05,20210811,77.137
maize,IE06,20210811,76.473
maize,IE04,20210821,81.2
maize,IE05,20210821,76.952
maize,IE06,20210821,75.972
maize,IE04,20210901,80.144
maize,IE05,20210901,76.972
maize,IE06,20210901,75.405
maize,IE04,20210911,78.803
maize,IE05,20210911,77.231
maize,IE06,20210911,74.884
maize,IE04,20210921,77.236
maize,IE05,20210921,77.463
maize,IE06,20210921,74.603
maize,IE04,20211001,75.229
maize,IE05,20211001,77.152
maize,IE06,20211001,74.083
maize,IE04,20211011,72.517
maize,IE05,20211011,76.097
maize,IE06,20211011,72.961
maize,IE04,20211021,70.07
maize,IE05,20211021,75.174
maize,IE06,20211021,72.067
maize,IE04,20211101,66.775
maize,IE05,20211101,73.625
maize,IE06,20211101,70.531
maize,IE04,20211111,63.179
maize,IE05,20211111,72.299
maize,IE06,20211111,68.907
maize,IE04,20211121,60.431
maize,IE05,20211121,70.723
maize,IE06,20211121,67.151
maize,IE04,20211201,57.776
maize,IE05,20211201,69.268
maize,IE06,20211201,65.051
maize,IE04,20211211,56.235
maize,IE05,20211211,67.645
maize,IE06,20211211,63.182
maize,IE04,20211221,55.724
maize,IE05,20211221,66.988
maize,IE06,20211221,62.511
maize,IE04,20220101,57.215
maize,IE05,20220101,67.825
maize,IE06,20220101,63.641
maize,IE04,20220111,59.638
maize,IE05,20220111,69.05
maize,IE06,20220111,65.757
maize,IE04,20220121,62.378
maize,IE05,20220121,69.825
maize,IE06,20220121,67.73
maize,IE04,20220201,64.869
maize,IE05,20220201,70.791
maize,IE06,20220201,69.918
maize,IE04,20220211,66.574
maize,IE05,20220211,71.568
maize,IE06,20220211,71.599
maize,IE04,20220221,67.795
maize,IE05,20220221,72.358
maize,IE06,20220221,73.054
maize,IE04,20220301,68.169
maize,IE05,20220301,72.854
maize,IE06,20220301,73.994
maize,IE04,20220311,68.367
maize,IE05,20220311,72.992
maize,IE06,20220311,74.958
maize,IE04,20220321,68.225
maize,IE05,20220321,72.82
maize,IE06,20220321,75.606
maize,IE04,20220401,68.22
maize,IE05,20220401,73.042
maize,IE06,20220401,76.541
maize,IE04,20220411,68.531
maize,IE05,20220411,73.504
maize,IE06,20220411,77.423
maize,IE04,20220421,68.841
maize,IE05,20220421,74.059
maize,IE06,20220421,78.122
maize,IE04,20220501,69.099
maize,IE05,20220501,74.735
maize,IE06,20220501,78.282
maize,IE04,20220511,69.495
maize,IE05,20220511,75.34
maize,IE06,20220511,78.045
maize,IE04,20220521,69.815
maize,IE05,20220521,76.048
maize,IE06,20220521,77.888
maize,IE04,20220601,70.55
maize,IE05,20220601,76.684
maize,IE06,20220601,77.604
maize,IE04,20220611,71.434
maize,IE05,20220611,77.006
maize,IE06,20220611,77.028
maize,IE04,20220621,72.441
maize,IE05,20220621,76.961
maize,IE06,20220621,75.87
maize,IE04,20220701,73.696
maize,IE05,20220701,76.341
maize,IE06,20220701,74.124
maize,IE04,20220711,75.096
maize,IE05,20220711,74.828
maize,IE06,20220711,72.075
maize,IE04,20220721,76.579
maize,IE05,20220721,72.74
maize,IE06,20220721,70.331
maize,IE04,20220801,77.804
maize,IE05,20220801,70.33
maize,IE06,20220801,68.713
maize,IE04,20220811,78.488
maize,IE05,20220811,68.659
maize,IE06,20220811,67.828
maize,IE04,20220821,78.536
maize,IE05,20220821,67.687
maize,IE06,20220821,67.436
maize,IE04,20220901,78.402
maize,IE05,20220901,68.324
maize,IE06,20220901,68.108
maize,IE04,20220911,78.08
maize,IE05,20220911,69.959
maize,IE06,20220911,69.311
maize,IE04,20220921,77.3
maize,IE05,20220921,72.121
maize,IE06,20220921,70.796
maize,IE04,20221001,75.889
maize,IE05,20221001,73.757
maize,IE06,20221001,71.895
maize,IE04,20221011,74.33
maize,IE05,20221011,74.535
maize,IE06,20221011,72.251
maize,IE04,20221021,72.73
maize,IE05,20221021,74.477
maize,IE06,20221021,71.968
maize,IE04,20221101,70.586
maize,IE05,20221101,73.89
maize,IE06,20221101,71.251
maize,IE04,20221111,68.692
maize,IE05,20221111,73.452
maize,IE06,20221111,70.628
maize,IE04,20221121,65.943
maize,IE05,20221121,71.935
maize,IE06,20221121,68.811
maize,IE04,20221201,63.184
maize,IE05,20221201,70.244
maize,IE06,20221201,66.62
maize,IE04,20221211,60.811
maize,IE05,20221211,68.328
maize,IE06,20221211,64.429
maize,IE04,20221221,58.981
maize,IE05,20221221,67.141
maize,IE06,20221221,63.319
maize,IE04,20230101,58.35
maize,IE05,20230101,66.724
maize,IE06,20230101,63.225
maize,IE04,20230111,58.616
maize,IE05,20230111,66.905
maize,IE06,20230111,63.888
maize,IE04,20230121,59.26
maize,IE05,20230121,66.703
maize,IE06,20230121,64.383
maize,IE04,20230201,60.468
maize,IE05,20230201,66.31
maize,IE06,20230201,64.726
maize,IE04,20230211,61.673
maize,IE05,20230211,66.001
maize,IE06,20230211,65.079
maize,IE04,20230221,63.401
maize,IE05,20230221,66.378
maize,IE06,20230221,66.441
maize,IE04,20230301,64.262
maize,IE05,20230301,66.526
maize,IE06,20230301,67.147
maize,IE04,20230311,65.446
maize,IE05,20230311,67.28
maize,IE06,20230311,68.43
maize,IE04,20230321,66.204
maize,IE05,20230321,68.127
maize,IE06,20230321,69.789
maize,IE04,20230401,66.854
maize,IE05,20230401,69.302
maize,IE06,20230401,71.409
maize,IE04,20230411,67.352
maize,IE05,20230411,70.552
maize,IE06,20230411,72.895
maize,IE04,20230421,67.822
maize,IE05,20230421,71.859
maize,IE06,20230421,74.347
maize,IE04,20230501,68.852
maize,IE05,20230501,73.088
maize,IE06,20230501,75.466
maize,IE04,20230511,69.915
maize,IE05,20230511,74.262
maize,IE06,20230511,76.312
maize,IE04,20230521,71.292
maize,IE05,20230521,75.264
maize,IE06,20230521,76.776
maize,IE04,20230601,73.078
maize,IE05,20230601,75.761
maize,IE06,20230601,76.927
maize,IE04,20230611,74.609
maize,IE05,20230611,75.707
maize,IE06,20230611,76.306
maize,IE04,20230621,75.486
maize,IE05,20230621,75.318
maize,IE06,20230621,74.829
maize,IE04,20230701,76.124
maize,IE05,20230701,74.73
maize,IE06,20230701,73.199
maize,IE04,20230711,76.044
maize,IE05,20230711,74.225
maize,IE06,20230711,72.098
maize,IE04,20230721,74.987
maize,IE05,20230721,72.505
maize,IE06,20230721,69.744
maize,IE04,20230801,76.238
maize,IE05,20230801,73.107
maize,IE06,20230801,70.08
maize,IE04,20230811,76.612
maize,IE05,20230811,73.576
maize,IE06,20230811,70.628
maize,IE04,20230821,77.077
maize,IE05,20230821,74.478
maize,IE06,20230821,71.744
maize,IE04,20230901,77.262
maize,IE05,20230901,75.354
maize,IE06,20230901,73.241
maize,IE04,20230911,76.685
maize,IE05,20230911,75.291
maize,IE06,20230911,73.808
maize,IE04,20230921,75.817
maize,IE05,20230921,74.748
maize,IE06,20230921,73.925
maize,IE04,20231001,74.338
maize,IE05,20231001,73.419
maize,IE06,20231001,73.041
maize,IE04,20231011,72.598
maize,IE05,20231011,71.712
maize,IE06,20231011,71.448
maize,IE04,20231021,70.332
maize,IE05,20231021,70.263
maize,IE06,20231021,69.132
maize,IE04,20231101,67.581
maize,IE05,20231101,68.98
maize,IE06,20231101,66.354
maize,IE04,20231111,65.281
maize,IE05,20231111,68.51
maize,IE06,20231111,64.275
maize,IE04,20231121,62.427
maize,IE05,20231121,67.873
maize,IE06,20231121,62.152
maize,IE04,20231201,60.092
maize,IE05,20231201,66.767
maize,IE06,20231201,60.253
maize,IE04,20231211,59.066
maize,IE05,20231211,66.569
maize,IE06,20231211,59.821
maize,IE04,20231221,58.401
maize,IE05,20231221,66.532
maize,IE06,20231221,59.879
