crop_name,adm_id,date,ndvi
maize,IE04,20010101,0.667
maize,IE05,20010101,0.678
maize,IE06,20010101,0.61
maize,IE04,20010109,0.62
maize,IE05,20010109,0.68
maize,IE06,20010109,0.631
maize,IE04,20010117,0.624
maize,IE05,20010117,0.672
maize,IE06,20010117,0.612
maize,IE04,20010125,0.653
maize,IE05,20010125,0.682
maize,IE06,20010125,0.634
maize,IE04,20010202,0.622
maize,IE05,20010202,0.662
maize,IE06,20010202,0.636
maize,IE04,20010210,0.609
maize,IE05,20010210,0.681
maize,IE06,20010210,0.617
maize,IE04,20010218,0.637
maize,IE05,20010218,0.684
maize,IE06,20010218,0.624
maize,IE04,20010226,0.609
maize,IE05,20010226,0.667
maize,IE06,20010226,0.597
maize,IE04,20010306,0.583
maize,IE05,20010306,0.672
maize,IE06,20010306,0.608
maize,IE04,20010314,0.558
maize,IE05,20010314,0.683
maize,IE06,20010314,0.631
maize,IE04,20010322,0.697
maize,IE05,20010322,0.711
maize,IE06,20010322,0.684
maize,IE04,20010330,0.662
maize,IE05,20010330,0.742
maize,IE06,20010330,0.67
maize,IE04,20010407,0.629
maize,IE05,20010407,0.704
maize,IE06,20010407,0.672
maize,IE04,20010415,0.722
maize,IE05,20010415,0.713
maize,IE06,20010415,0.716
maize,IE04,20010423,0.722
maize,IE05,20010423,0.742
maize,IE06,20010423,0.738
maize,IE04,20010501,0.723
maize,IE05,20010501,0.723
maize,IE06,20010501,0.732
maize,IE04,20010509,0.714
maize,IE05,20010509,0.739
maize,IE06,20010509,0.76
maize,IE04,20010517,0.736
maize,IE05,20010517,0.761
maize,IE06,20010517,0.796
maize,IE04,20010525,0.828
maize,IE05,20010525,0.787
maize,IE06,20010525,0.819
maize,IE04,20010602,0.809
maize,IE05,20010602,0.787
maize,IE06,20010602,0.811
maize,IE04,20010610,0.76
maize,IE05,20010610,0.791
maize,IE06,20010610,0.808
maize,IE04,20010618,0.76
maize,IE05,20010618,0.791
maize,IE06,20010618,0.808
maize,IE04,20010704,0.803
maize,IE05,20010704,0.806
maize,IE06,20010704,0.795
maize,IE04,20010712,0.791
maize,IE05,20010712,0.796
maize,IE06,20010712,0.77
maize,IE04,20010720,0.807
maize,IE05,20010720,0.777
maize,IE06,20010720,0.779
maize,IE04,20010728,0.798
maize,IE05,20010728,0.764
maize,IE06,20010728,0.73
maize,IE04,20010805,0.788
maize,IE05,20010805,0.761
maize,IE06,20010805,0.752
maize,IE04,20010813,0.797
maize,IE05,20010813,0.768
maize,IE06,20010813,0.735
maize,IE04,20010821,0.772
maize,IE05,20010821,0.758
maize,IE06,20010821,0.729
maize,IE04,20010829,0.821
maize,IE05,20010829,0.759
maize,IE06,20010829,0.761
maize,IE04,20010906,0.788
maize,IE05,20010906,0.762
maize,IE06,20010906,0.74
maize,IE04,20010914,0.771
maize,IE05,20010914,0.753
maize,IE06,20010914,0.728
maize,IE04,20010922,0.743
maize,IE05,20010922,0.758
maize,IE06,20010922,0.695
maize,IE04,20010930,0.789
maize,IE05,20010930,0.767
maize,IE06,20010930,0.752
maize,IE04,20011008,0.777
maize,IE05,20011008,0.773
maize,IE06,20011008,0.743
maize,IE04,20011016,0.782
maize,IE05,20011016,0.772
maize,IE06,20011016,0.731
maize,IE04,20011024,0.764
maize,IE05,20011024,0.749
maize,IE06,20011024,0.728
maize,IE04,20011101,0.725
maize,IE05,20011101,0.736
maize,IE06,20011101,0.728
maize,IE04,20011109,0.718
maize,IE05,20011109,0.732
maize,IE06,20011109,0.719
maize,IE04,20011117,0.733
maize,IE05,20011117,0.732
maize,IE06,20011117,0.716
maize,IE04,20011125,0.698
maize,IE05,20011125,0.719
maize,IE06,20011125,0.697
maize,IE04,20011203,0.66
maize,IE05,20011203,0.667
maize,IE06,20011203,0.685
maize,IE04,20011211,0.655
maize,IE05,20011211,0.674
maize,IE06,20011211,0.666
maize,IE04,20011219,0.686
maize,IE05,20011219,0.669
maize,IE06,20011219,0.662
maize,IE04,20011227,0.704
maize,IE05,20011227,0.674
maize,IE06,20011227,0.655
maize,IE04,20020101,0.643
maize,IE05,20020101,0.645
maize,IE06,20020101,0.614
maize,IE04,20020109,0.628
maize,IE05,20020109,0.692
maize,IE06,20020109,0.655
maize,IE04,20020117,0.669
maize,IE05,20020117,0.687
maize,IE06,20020117,0.668
maize,IE04,20020125,0.701
maize,IE05,20020125,0.686
maize,IE06,20020125,0.698
maize,IE04,20020202,0.669
maize,IE05,20020202,0.692
maize,IE06,20020202,0.685
maize,IE04,20020210,0.705
maize,IE05,20020210,0.715
maize,IE06,20020210,0.707
maize,IE04,20020218,0.745
maize,IE05,20020218,0.727
maize,IE06,20020218,0.688
maize,IE04,20020226,0.685
maize,IE05,20020226,0.727
maize,IE06,20020226,0.694
maize,IE04,20020306,0.672
maize,IE05,20020306,0.735
maize,IE06,20020306,0.702
maize,IE04,20020314,0.637
maize,IE05,20020314,0.712
maize,IE06,20020314,0.691
maize,IE04,20020322,0.644
maize,IE05,20020322,0.652
maize,IE06,20020322,0.669
maize,IE04,20020330,0.67
maize,IE05,20020330,0.738
maize,IE06,20020330,0.728
maize,IE04,20020407,0.681
maize,IE05,20020407,0.729
maize,IE06,20020407,0.733
maize,IE04,20020415,0.599
maize,IE05,20020415,0.764
maize,IE06,20020415,0.767
maize,IE04,20020423,0.757
maize,IE05,20020423,0.777
maize,IE06,20020423,0.801
maize,IE04,20020501,0.716
maize,IE05,20020501,0.752
maize,IE06,20020501,0.797
maize,IE04,20020509,0.79
maize,IE05,20020509,0.766
maize,IE06,20020509,0.792
maize,IE04,20020517,0.816
maize,IE05,20020517,0.807
maize,IE06,20020517,0.822
maize,IE04,20020525,0.777
maize,IE05,20020525,0.814
maize,IE06,20020525,0.82
maize,IE04,20020602,0.789
maize,IE05,20020602,0.792
maize,IE06,20020602,0.817
maize,IE04,20020610,0.804
maize,IE05,20020610,0.791
maize,IE06,20020610,0.813
maize,IE04,20020618,0.789
maize,IE05,20020618,0.781
maize,IE06,20020618,0.805
maize,IE04,20020626,0.783
maize,IE05,20020626,0.763
maize,IE06,20020626,0.785
maize,IE04,20020704,0.763
maize,IE05,20020704,0.776
maize,IE06,20020704,0.783
maize,IE04,20020712,0.76
maize,IE05,20020712,0.789
maize,IE06,20020712,0.819
maize,IE04,20020720,0.785
maize,IE05,20020720,0.782
maize,IE06,20020720,0.802
maize,IE04,20020728,0.8
maize,IE05,20020728,0.784
maize,IE06,20020728,0.795
maize,IE04,20020805,0.804
maize,IE05,20020805,0.774
maize,IE06,20020805,0.765
maize,IE04,20020813,0.774
maize,IE05,20020813,0.78
maize,IE06,20020813,0.741
maize,IE04,20020821,0.789
maize,IE05,20020821,0.754
maize,IE06,20020821,0.732
maize,IE04,20020829,0.786
maize,IE05,20020829,0.745
maize,IE06,20020829,0.696
maize,IE04,20020906,0.797
maize,IE05,20020906,0.753
maize,IE06,20020906,0.722
maize,IE04,20020914,0.778
maize,IE05,20020914,0.738
maize,IE06,20020914,0.726
maize,IE04,20020922,0.759
maize,IE05,20020922,0.738
maize,IE06,20020922,0.704
maize,IE04,20020930,0.763
maize,IE05,20020930,0.747
maize,IE06,20020930,0.71
maize,IE04,20021008,0.766
maize,IE05,20021008,0.758
maize,IE06,20021008,0.717
maize,IE04,20021016,0.737
maize,IE05,20021016,0.736
maize,IE06,20021016,0.716
maize,IE04,20021024,0.71
maize,IE05,20021024,0.713
maize,IE06,20021024,0.678
maize,IE04,20021101,0.722
maize,IE05,20021101,0.709
maize,IE06,20021101,0.667
maize,IE04,20021109,0.682
maize,IE05,20021109,0.701
maize,IE06,20021109,0.659
maize,IE04,20021117,0.671
maize,IE05,20021117,0.703
maize,IE06,20021117,0.64
maize,IE04,20021125,0.645
maize,IE05,20021125,0.683
maize,IE06,20021125,0.622
maize,IE04,20021203,0.584
maize,IE05,20021203,0.662
maize,IE06,20021203,0.589
maize,IE04,20021211,0.592
maize,IE05,20021211,0.637
maize,IE06,20021211,0.623
maize,IE04,20021219,0.665
maize,IE05,20021219,0.606
maize,IE06,20021219,0.584
maize,IE04,20021227,0.643
maize,IE05,20021227,0.651
maize,IE06,20021227,0.632
maize,IE04,20030101,0.621
maize,IE05,20030101,0.667
maize,IE06,20030101,0.619
maize,IE04,20030109,0.644
maize,IE05,20030109,0.708
maize,IE06,20030109,0.621
maize,IE04,20030117,0.677
maize,IE05,20030117,0.681
maize,IE06,20030117,0.649
maize,IE04,20030125,0.659
maize,IE05,20030125,0.691
maize,IE06,20030125,0.65
maize,IE04,20030202,0.673
maize,IE05,20030202,0.688
maize,IE06,20030202,0.652
maize,IE04,20030210,0.655
maize,IE05,20030210,0.696
maize,IE06,20030210,0.656
maize,IE04,20030218,0.626
maize,IE05,20030218,0.678
maize,IE06,20030218,0.61
maize,IE04,20030226,0.685
maize,IE05,20030226,0.698
maize,IE06,20030226,0.652
maize,IE04,20030306,0.635
maize,IE05,20030306,0.715
maize,IE06,20030306,0.657
maize,IE04,20030314,0.619
maize,IE05,20030314,0.672
maize,IE06,20030314,0.634
maize,IE04,20030322,0.601
maize,IE05,20030322,0.665
maize,IE06,20030322,0.636
maize,IE04,20030330,0.671
maize,IE05,20030330,0.706
maize,IE06,20030330,0.688
maize,IE04,20030407,0.66
maize,IE05,20030407,0.684
maize,IE06,20030407,0.674
maize,IE04,20030415,0.675
maize,IE05,20030415,0.72
maize,IE06,20030415,0.707
maize,IE04,20030423,0.754
maize,IE05,20030423,0.731
maize,IE06,20030423,0.735
maize,IE04,20030501,0.818
maize,IE05,20030501,0.785
maize,IE06,20030501,0.802
maize,IE04,20030509,0.745
maize,IE05,20030509,0.797
maize,IE06,20030509,0.812
maize,IE04,20030517,0.809
maize,IE05,20030517,0.801
maize,IE06,20030517,0.814
maize,IE04,20030525,0.779
maize,IE05,20030525,0.796
maize,IE06,20030525,0.812
maize,IE04,20030602,0.831
maize,IE05,20030602,0.803
maize,IE06,20030602,0.821
maize,IE04,20030610,0.791
maize,IE05,20030610,0.794
maize,IE06,20030610,0.804
maize,IE04,20030618,0.747
maize,IE05,20030618,0.779
maize,IE06,20030618,0.776
maize,IE04,20030626,0.782
maize,IE05,20030626,0.798
maize,IE06,20030626,0.792
maize,IE04,20030704,0.805
maize,IE05,20030704,0.812
maize,IE06,20030704,0.817
maize,IE04,20030712,0.812
maize,IE05,20030712,0.793
maize,IE06,20030712,0.8
maize,IE04,20030720,0.829
maize,IE05,20030720,0.796
maize,IE06,20030720,0.819
maize,IE04,20030728,0.78
maize,IE05,20030728,0.73
maize,IE06,20030728,0.73
maize,IE04,20030805,0.792
maize,IE05,20030805,0.754
maize,IE06,20030805,0.757
maize,IE04,20030813,0.77
maize,IE05,20030813,0.738
maize,IE06,20030813,0.699
maize,IE04,20030821,0.723
maize,IE05,20030821,0.716
maize,IE06,20030821,0.708
maize,IE04,20030829,0.732
maize,IE05,20030829,0.728
maize,IE06,20030829,0.709
maize,IE04,20030906,0.79
maize,IE05,20030906,0.739
maize,IE06,20030906,0.763
maize,IE04,20030914,0.696
maize,IE05,20030914,0.718
maize,IE06,20030914,0.694
maize,IE04,20030922,0.821
maize,IE05,20030922,0.744
maize,IE06,20030922,0.707
maize,IE04,20030930,0.748
maize,IE05,20030930,0.742
maize,IE06,20030930,0.693
maize,IE04,20031008,0.758
maize,IE05,20031008,0.715
maize,IE06,20031008,0.695
maize,IE04,20031016,0.731
maize,IE05,20031016,0.719
maize,IE06,20031016,0.693
maize,IE04,20031024,0.7
maize,IE05,20031024,0.705
maize,IE06,20031024,0.673
maize,IE04,20031101,0.684
maize,IE05,20031101,0.673
maize,IE06,20031101,0.65
maize,IE04,20031109,0.687
maize,IE05,20031109,0.675
maize,IE06,20031109,0.658
maize,IE04,20031117,0.706
maize,IE05,20031117,0.697
maize,IE06,20031117,0.677
maize,IE04,20031125,0.671
maize,IE05,20031125,0.679
maize,IE06,20031125,0.653
maize,IE04,20031203,0.621
maize,IE05,20031203,0.645
maize,IE06,20031203,0.597
maize,IE04,20031211,0.644
maize,IE05,20031211,0.642
maize,IE06,20031211,0.633
maize,IE05,20031219,0.66
maize,IE04,20031227,0.645
maize,IE05,20031227,0.662
maize,IE06,20031227,0.645
maize,IE04,20040101,0.62
maize,IE05,20040101,0.656
maize,IE06,20040101,0.611
maize,IE04,20040109,0.632
maize,IE05,20040109,0.681
maize,IE06,20040109,0.611
maize,IE04,20040117,0.645
maize,IE05,20040117,0.705
maize,IE06,20040117,0.651
maize,IE04,20040125,0.704
maize,IE05,20040125,0.702
maize,IE06,20040125,0.665
maize,IE04,20040202,0.695
maize,IE05,20040202,0.708
maize,IE06,20040202,0.671
maize,IE04,20040210,0.663
maize,IE05,20040210,0.724
maize,IE06,20040210,0.68
maize,IE04,20040218,0.653
maize,IE05,20040218,0.71
maize,IE06,20040218,0.684
maize,IE04,20040226,0.674
maize,IE05,20040226,0.687
maize,IE06,20040226,0.655
maize,IE04,20040305,0.662
maize,IE05,20040305,0.696
maize,IE06,20040305,0.645
maize,IE04,20040313,0.664
maize,IE05,20040313,0.717
maize,IE06,20040313,0.696
maize,IE04,20040321,0.661
maize,IE05,20040321,0.701
maize,IE06,20040321,0.676
maize,IE04,20040329,0.665
maize,IE05,20040329,0.746
maize,IE06,20040329,0.75
maize,IE04,20040406,0.741
maize,IE05,20040406,0.75
maize,IE06,20040406,0.719
maize,IE04,20040414,0.729
maize,IE05,20040414,0.76
maize,IE06,20040414,0.78
maize,IE04,20040422,0.751
maize,IE05,20040422,0.741
maize,IE06,20040422,0.76
maize,IE04,20040430,0.765
maize,IE05,20040430,0.767
maize,IE06,20040430,0.776
maize,IE04,20040508,0.776
maize,IE05,20040508,0.788
maize,IE06,20040508,0.81
maize,IE04,20040516,0.731
maize,IE05,20040516,0.784
maize,IE06,20040516,0.809
maize,IE04,20040524,0.773
maize,IE05,20040524,0.761
maize,IE06,20040524,0.813
maize,IE04,20040601,0.714
maize,IE05,20040601,0.805
maize,IE06,20040601,0.821
maize,IE04,20040609,0.787
maize,IE05,20040609,0.792
maize,IE06,20040609,0.807
maize,IE04,20040617,0.812
maize,IE05,20040617,0.795
maize,IE06,20040617,0.814
maize,IE04,20040625,0.803
maize,IE05,20040625,0.786
maize,IE06,20040625,0.792
maize,IE04,20040703,0.781
maize,IE05,20040703,0.789
maize,IE06,20040703,0.79
maize,IE04,20040711,0.784
maize,IE05,20040711,0.772
maize,IE06,20040711,0.789
maize,IE04,20040719,0.826
maize,IE05,20040719,0.791
maize,IE06,20040719,0.781
maize,IE04,20040727,0.798
maize,IE05,20040727,0.758
maize,IE06,20040727,0.733
maize,IE04,20040804,0.779
maize,IE05,20040804,0.762
maize,IE06,20040804,0.696
maize,IE04,20040812,0.828
maize,IE05,20040812,0.747
maize,IE06,20040812,0.734
maize,IE04,20040820,0.803
maize,IE05,20040820,0.78
maize,IE06,20040820,0.752
maize,IE04,20040828,0.78
maize,IE05,20040828,0.763
maize,IE06,20040828,0.751
maize,IE04,20040905,0.787
maize,IE05,20040905,0.754
maize,IE06,20040905,0.727
maize,IE04,20040913,0.803
maize,IE05,20040913,0.779
maize,IE06,20040913,0.745
maize,IE04,20040921,0.77
maize,IE05,20040921,0.789
maize,IE06,20040921,0.732
maize,IE04,20040929,0.776
maize,IE05,20040929,0.775
maize,IE06,20040929,0.75
maize,IE04,20041007,0.735
maize,IE05,20041007,0.779
maize,IE06,20041007,0.75
maize,IE04,20041015,0.736
maize,IE05,20041015,0.769
maize,IE06,20041015,0.719
maize,IE04,20041023,0.73
maize,IE05,20041023,0.751
maize,IE06,20041023,0.696
maize,IE04,20041031,0.727
maize,IE05,20041031,0.746
maize,IE06,20041031,0.695
maize,IE04,20041108,0.707
maize,IE05,20041108,0.714
maize,IE06,20041108,0.691
maize,IE04,20041116,0.682
maize,IE05,20041116,0.707
maize,IE06,20041116,0.716
maize,IE04,20041124,0.668
maize,IE05,20041124,0.719
maize,IE06,20041124,0.671
maize,IE04,20041202,0.608
maize,IE05,20041202,0.703
maize,IE06,20041202,0.611
maize,IE04,20041210,0.671
maize,IE05,20041210,0.701
maize,IE06,20041210,0.669
maize,IE04,20041218,0.649
maize,IE05,20041218,0.681
maize,IE06,20041218,0.66
maize,IE04,20041226,0.667
maize,IE05,20041226,0.666
maize,IE06,20041226,0.642
maize,IE04,20050101,0.643
maize,IE05,20050101,0.667
maize,IE06,20050101,0.647
maize,IE04,20050109,0.687
maize,IE05,20050109,0.709
maize,IE06,20050109,0.689
maize,IE04,20050117,0.706
maize,IE05,20050117,0.733
maize,IE06,20050117,0.691
maize,IE04,20050125,0.706
maize,IE05,20050125,0.737
maize,IE06,20050125,0.704
maize,IE04,20050202,0.68
maize,IE05,20050202,0.734
maize,IE06,20050202,0.72
maize,IE04,20050210,0.711
maize,IE05,20050210,0.732
maize,IE06,20050210,0.699
maize,IE04,20050218,0.653
maize,IE05,20050218,0.723
maize,IE06,20050218,0.711
maize,IE04,20050226,0.688
maize,IE05,20050226,0.717
maize,IE06,20050226,0.697
maize,IE04,20050306,0.693
maize,IE05,20050306,0.691
maize,IE06,20050306,0.695
maize,IE04,20050314,0.639
maize,IE05,20050314,0.717
maize,IE06,20050314,0.704
maize,IE04,20050322,0.678
maize,IE05,20050322,0.762
maize,IE06,20050322,0.757
maize,IE04,20050330,0.68
maize,IE05,20050330,0.786
maize,IE06,20050330,0.773
maize,IE04,20050407,0.733
maize,IE05,20050407,0.733
maize,IE06,20050407,0.75
maize,IE04,20050415,0.658
maize,IE05,20050415,0.78
maize,IE06,20050415,0.74
maize,IE04,20050423,0.67
maize,IE05,20050423,0.753
maize,IE06,20050423,0.787
maize,IE04,20050501,0.751
maize,IE05,20050501,0.782
maize,IE06,20050501,0.795
maize,IE04,20050509,0.701
maize,IE05,20050509,0.76
maize,IE06,20050509,0.759
maize,IE04,20050517,0.778
maize,IE05,20050517,0.762
maize,IE06,20050517,0.781
maize,IE04,20050525,0.773
maize,IE05,20050525,0.777
maize,IE06,20050525,0.8
maize,IE04,20050602,0.792
maize,IE05,20050602,0.789
maize,IE06,20050602,0.808
maize,IE04,20050610,0.75
maize,IE05,20050610,0.777
maize,IE06,20050610,0.8
maize,IE04,20050618,0.796
maize,IE05,20050618,0.784
maize,IE06,20050618,0.791
maize,IE04,20050626,0.81
maize,IE05,20050626,0.78
maize,IE06,20050626,0.792
maize,IE04,20050704,0.813
maize,IE05,20050704,0.797
maize,IE06,20050704,0.794
maize,IE04,20050712,0.777
maize,IE05,20050712,0.762
maize,IE06,20050712,0.764
maize,IE04,20050720,0.784
maize,IE05,20050720,0.702
maize,IE06,20050720,0.699
maize,IE04,20050728,0.752
maize,IE05,20050728,0.761
maize,IE06,20050728,0.74
maize,IE04,20050805,0.76
maize,IE05,20050805,0.736
maize,IE06,20050805,0.702
maize,IE04,20050813,0.77
maize,IE05,20050813,0.774
maize,IE06,20050813,0.731
maize,IE04,20050821,0.821
maize,IE05,20050821,0.762
maize,IE06,20050821,0.747
maize,IE04,20050829,0.792
maize,IE05,20050829,0.755
maize,IE06,20050829,0.746
maize,IE04,20050906,0.773
maize,IE05,20050906,0.766
maize,IE06,20050906,0.72
maize,IE04,20050914,0.828
maize,IE05,20050914,0.76
maize,IE06,20050914,0.751
maize,IE04,20050922,0.809
maize,IE05,20050922,0.802
maize,IE06,20050922,0.782
maize,IE04,20050930,0.8
maize,IE05,20050930,0.81
maize,IE06,20050930,0.711
maize,IE04,20051008,0.787
maize,IE05,20051008,0.769
maize,IE06,20051008,0.743
maize,IE04,20051016,0.714
maize,IE05,20051016,0.769
maize,IE06,20051016,0.696
maize,IE04,20051024,0.732
maize,IE05,20051024,0.755
maize,IE06,20051024,0.711
maize,IE04,20051101,0.734
maize,IE05,20051101,0.736
maize,IE06,20051101,0.717
maize,IE04,20051109,0.737
maize,IE05,20051109,0.724
maize,IE06,20051109,0.703
maize,IE04,20051117,0.647
maize,IE05,20051117,0.714
maize,IE06,20051117,0.687
maize,IE04,20051125,0.701
maize,IE05,20051125,0.709
maize,IE06,20051125,0.665
maize,IE04,20051203,0.663
maize,IE05,20051203,0.675
maize,IE06,20051203,0.624
maize,IE04,20051211,0.602
maize,IE05,20051211,0.655
maize,IE06,20051211,0.613
maize,IE04,20051219,0.583
maize,IE05,20051219,0.661
maize,IE06,20051219,0.632
maize,IE04,20051227,0.583
maize,IE05,20051227,0.664
maize,IE06,20051227,0.637
maize,IE04,20060101,0.639
maize,IE05,20060101,0.668
maize,IE06,20060101,0.575
maize,IE04,20060109,0.629
maize,IE05,20060109,0.698
maize,IE06,20060109,0.645
maize,IE04,20060117,0.696
maize,IE05,20060117,0.699
maize,IE06,20060117,0.667
maize,IE04,20060125,0.66
maize,IE05,20060125,0.715
maize,IE06,20060125,0.679
maize,IE04,20060202,0.695
maize,IE05,20060202,0.713
maize,IE06,20060202,0.659
maize,IE04,20060210,0.694
maize,IE05,20060210,0.709
maize,IE06,20060210,0.677
maize,IE04,20060218,0.659
maize,IE05,20060218,0.734
maize,IE06,20060218,0.688
maize,IE04,20060226,0.689
maize,IE05,20060226,0.687
maize,IE06,20060226,0.66
maize,IE04,20060306,0.655
maize,IE05,20060306,0.688
maize,IE06,20060306,0.666
maize,IE04,20060314,0.547
maize,IE05,20060314,0.702
maize,IE06,20060314,0.696
maize,IE04,20060322,0.584
maize,IE06,20060322,0.672
maize,IE04,20060330,0.645
maize,IE05,20060330,0.713
maize,IE06,20060330,0.703
maize,IE04,20060407,0.701
maize,IE05,20060407,0.704
maize,IE06,20060407,0.698
maize,IE04,20060415,0.734
maize,IE05,20060415,0.75
maize,IE06,20060415,0.725
maize,IE04,20060423,0.694
maize,IE05,20060423,0.753
maize,IE06,20060423,0.763
maize,IE04,20060501,0.743
maize,IE05,20060501,0.773
maize,IE06,20060501,0.776
maize,IE04,20060509,0.734
maize,IE05,20060509,0.78
maize,IE06,20060509,0.752
maize,IE04,20060517,0.791
maize,IE05,20060517,0.808
maize,IE06,20060517,0.81
maize,IE04,20060525,0.792
maize,IE05,20060525,0.797
maize,IE06,20060525,0.793
maize,IE04,20060602,0.728
maize,IE05,20060602,0.759
maize,IE06,20060602,0.766
maize,IE04,20060610,0.738
maize,IE05,20060610,0.755
maize,IE06,20060610,0.773
maize,IE04,20060618,0.781
maize,IE05,20060618,0.75
maize,IE06,20060618,0.751
maize,IE04,20060626,0.776
maize,IE05,20060626,0.76
maize,IE06,20060626,0.751
maize,IE04,20060704,0.761
maize,IE05,20060704,0.781
maize,IE06,20060704,0.745
maize,IE04,20060712,0.768
maize,IE05,20060712,0.732
maize,IE06,20060712,0.718
maize,IE04,20060720,0.696
maize,IE05,20060720,0.678
maize,IE06,20060720,0.652
maize,IE04,20060728,0.741
maize,IE05,20060728,0.678
maize,IE06,20060728,0.654
maize,IE04,20060805,0.773
maize,IE05,20060805,0.679
maize,IE06,20060805,0.652
maize,IE04,20060813,0.818
maize,IE05,20060813,0.631
maize,IE06,20060813,0.645
maize,IE04,20060821,0.819
maize,IE05,20060821,0.701
maize,IE06,20060821,0.734
maize,IE04,20060829,0.802
maize,IE05,20060829,0.756
maize,IE06,20060829,0.739
maize,IE04,20060906,0.778
maize,IE05,20060906,0.732
maize,IE06,20060906,0.743
maize,IE04,20060914,0.793
maize,IE05,20060914,0.766
maize,IE06,20060914,0.761
maize,IE04,20060922,0.787
maize,IE05,20060922,0.783
maize,IE06,20060922,0.79
maize,IE04,20060930,0.819
maize,IE05,20060930,0.813
maize,IE06,20060930,0.766
maize,IE04,20061008,0.784
maize,IE05,20061008,0.793
maize,IE06,20061008,0.758
maize,IE04,20061016,0.786
maize,IE05,20061016,0.775
maize,IE06,20061016,0.745
maize,IE04,20061024,0.765
maize,IE05,20061024,0.772
maize,IE06,20061024,0.769
maize,IE04,20061101,0.734
maize,IE05,20061101,0.761
maize,IE06,20061101,0.743
maize,IE04,20061109,0.717
maize,IE05,20061109,0.742
maize,IE06,20061109,0.719
maize,IE04,20061117,0.71
maize,IE05,20061117,0.729
maize,IE06,20061117,0.691
maize,IE04,20061125,0.675
maize,IE05,20061125,0.696
maize,IE06,20061125,0.653
maize,IE04,20061203,0.65
maize,IE05,20061203,0.666
maize,IE06,20061203,0.643
maize,IE04,20061211,0.642
maize,IE05,20061211,0.681
maize,IE06,20061211,0.658
maize,IE04,20061219,0.637
maize,IE05,20061219,0.652
maize,IE06,20061219,0.611
maize,IE04,20061227,0.643
maize,IE05,20061227,0.66
maize,IE06,20061227,0.623
maize,IE04,20070101,0.607
maize,IE05,20070101,0.682
maize,IE06,20070101,0.616
maize,IE04,20070109,0.626
maize,IE05,20070109,0.675
maize,IE06,20070109,0.644
maize,IE04,20070117,0.699
maize,IE05,20070117,0.723
maize,IE06,20070117,0.704
maize,IE04,20070125,0.698
maize,IE05,20070125,0.715
maize,IE06,20070125,0.708
maize,IE04,20070202,0.674
maize,IE05,20070202,0.726
maize,IE06,20070202,0.705
maize,IE04,20070210,0.689
maize,IE05,20070210,0.725
maize,IE06,20070210,0.698
maize,IE04,20070218,0.684
maize,IE05,20070218,0.734
maize,IE06,20070218,0.683
maize,IE04,20070226,0.733
maize,IE05,20070226,0.729
maize,IE06,20070226,0.701
maize,IE04,20070306,0.679
maize,IE05,20070306,0.729
maize,IE06,20070306,0.712
maize,IE04,20070314,0.719
maize,IE05,20070314,0.736
maize,IE06,20070314,0.732
maize,IE04,20070322,0.607
maize,IE05,20070322,0.729
maize,IE06,20070322,0.73
maize,IE04,20070330,0.668
maize,IE05,20070330,0.706
maize,IE06,20070330,0.703
maize,IE04,20070407,0.697
maize,IE05,20070407,0.7
maize,IE06,20070407,0.706
maize,IE04,20070415,0.718
maize,IE05,20070415,0.723
maize,IE06,20070415,0.728
maize,IE04,20070423,0.722
maize,IE05,20070423,0.773
maize,IE06,20070423,0.774
maize,IE04,20070501,0.724
maize,IE05,20070501,0.768
maize,IE06,20070501,0.773
maize,IE04,20070509,0.797
maize,IE05,20070509,0.799
maize,IE06,20070509,0.8
maize,IE04,20070517,0.812
maize,IE05,20070517,0.837
maize,IE06,20070517,0.825
maize,IE04,20070525,0.786
maize,IE05,20070525,0.808
maize,IE06,20070525,0.807
maize,IE04,20070602,0.783
maize,IE05,20070602,0.807
maize,IE06,20070602,0.808
maize,IE04,20070610,0.78
maize,IE05,20070610,0.774
maize,IE06,20070610,0.784
maize,IE04,20070618,0.791
maize,IE05,20070618,0.824
maize,IE06,20070618,0.829
maize,IE04,20070626,0.839
maize,IE05,20070626,0.817
maize,IE06,20070626,0.805
maize,IE04,20070704,0.805
maize,IE05,20070704,0.81
maize,IE06,20070704,0.802
maize,IE04,20070712,0.826
maize,IE05,20070712,0.793
maize,IE06,20070712,0.802
maize,IE04,20070720,0.78
maize,IE05,20070720,0.803
maize,IE06,20070720,0.795
maize,IE04,20070728,0.802
maize,IE05,20070728,0.754
maize,IE06,20070728,0.764
maize,IE04,20070805,0.791
maize,IE05,20070805,0.756
maize,IE06,20070805,0.73
maize,IE04,20070813,0.76
maize,IE05,20070813,0.783
maize,IE06,20070813,0.771
maize,IE04,20070821,0.814
maize,IE05,20070821,0.749
maize,IE06,20070821,0.732
maize,IE04,20070829,0.805
maize,IE05,20070829,0.749
maize,IE06,20070829,0.715
maize,IE04,20070906,0.772
maize,IE05,20070906,0.754
maize,IE06,20070906,0.735
maize,IE04,20070914,0.83
maize,IE05,20070914,0.748
maize,IE06,20070914,0.779
maize,IE04,20070922,0.773
maize,IE05,20070922,0.747
maize,IE06,20070922,0.741
maize,IE04,20070930,0.779
maize,IE05,20070930,0.766
maize,IE06,20070930,0.714
maize,IE04,20071008,0.791
maize,IE05,20071008,0.747
maize,IE06,20071008,0.728
maize,IE04,20071016,0.749
maize,IE05,20071016,0.734
maize,IE06,20071016,0.709
maize,IE04,20071024,0.727
maize,IE05,20071024,0.761
maize,IE06,20071024,0.741
maize,IE04,20071101,0.781
maize,IE05,20071101,0.733
maize,IE06,20071101,0.727
maize,IE04,20071109,0.76
maize,IE05,20071109,0.738
maize,IE06,20071109,0.71
maize,IE04,20071117,0.705
maize,IE05,20071117,0.727
maize,IE06,20071117,0.7
maize,IE04,20071125,0.69
maize,IE05,20071125,0.728
maize,IE06,20071125,0.686
maize,IE04,20071203,0.681
maize,IE05,20071203,0.705
maize,IE06,20071203,0.663
maize,IE04,20071211,0.625
maize,IE05,20071211,0.673
maize,IE06,20071211,0.664
maize,IE04,20071219,0.621
maize,IE05,20071219,0.661
maize,IE06,20071219,0.643
maize,IE04,20071227,0.599
maize,IE05,20071227,0.688
maize,IE06,20071227,0.618
maize,IE04,20080101,0.622
maize,IE05,20080101,0.662
maize,IE06,20080101,0.61
maize,IE04,20080109,0.651
maize,IE05,20080109,0.699
maize,IE06,20080109,0.65
maize,IE04,20080117,0.674
maize,IE05,20080117,0.721
maize,IE06,20080117,0.663
maize,IE04,20080125,0.638
maize,IE05,20080125,0.723
maize,IE06,20080125,0.696
maize,IE04,20080202,0.661
maize,IE05,20080202,0.71
maize,IE06,20080202,0.666
maize,IE04,20080210,0.668
maize,IE05,20080210,0.707
maize,IE06,20080210,0.687
maize,IE04,20080218,0.596
maize,IE05,20080218,0.683
maize,IE06,20080218,0.659
maize,IE04,20080226,0.721
maize,IE05,20080226,0.736
maize,IE06,20080226,0.704
maize,IE04,20080305,0.731
maize,IE05,20080305,0.719
maize,IE06,20080305,0.698
maize,IE04,20080313,0.636
maize,IE05,20080313,0.705
maize,IE06,20080313,0.672
maize,IE04,20080321,0.662
maize,IE05,20080321,0.718
maize,IE06,20080321,0.698
maize,IE04,20080329,0.664
maize,IE05,20080329,0.71
maize,IE06,20080329,0.71
maize,IE04,20080406,0.687
maize,IE05,20080406,0.72
maize,IE06,20080406,0.748
maize,IE04,20080414,0.729
maize,IE05,20080414,0.714
maize,IE06,20080414,0.721
maize,IE04,20080422,0.673
maize,IE05,20080422,0.726
maize,IE06,20080422,0.737
maize,IE04,20080430,0.72
maize,IE05,20080430,0.759
maize,IE06,20080430,0.784
maize,IE04,20080508,0.733
maize,IE05,20080508,0.785
maize,IE06,20080508,0.797
maize,IE04,20080516,0.811
maize,IE05,20080516,0.815
maize,IE06,20080516,0.791
maize,IE04,20080524,0.759
maize,IE05,20080524,0.809
maize,IE06,20080524,0.806
maize,IE04,20080601,0.784
maize,IE05,20080601,0.803
maize,IE06,20080601,0.804
maize,IE04,20080609,0.766
maize,IE05,20080609,0.786
maize,IE06,20080609,0.812
maize,IE04,20080617,0.784
maize,IE05,20080617,0.79
maize,IE06,20080617,0.788
maize,IE04,20080625,0.777
maize,IE05,20080625,0.802
maize,IE06,20080625,0.814
maize,IE04,20080703,0.803
maize,IE05,20080703,0.824
maize,IE06,20080703,0.785
maize,IE04,20080711,0.819
maize,IE05,20080711,0.789
maize,IE06,20080711,0.767
maize,IE04,20080719,0.822
maize,IE05,20080719,0.773
maize,IE06,20080719,0.804
maize,IE04,20080727,0.786
maize,IE05,20080727,0.756
maize,IE06,20080727,0.746
maize,IE04,20080804,0.851
maize,IE05,20080804,0.722
maize,IE06,20080804,0.741
maize,IE04,20080812,0.78
maize,IE05,20080812,0.759
maize,IE06,20080812,0.824
maize,IE04,20080820,0.796
maize,IE05,20080820,0.75
maize,IE06,20080820,0.672
maize,IE04,20080828,0.75
maize,IE05,20080828,0.734
maize,IE06,20080828,0.743
maize,IE04,20080905,0.77
maize,IE05,20080905,0.706
maize,IE06,20080905,0.716
maize,IE04,20080913,0.776
maize,IE05,20080913,0.725
maize,IE06,20080913,0.715
maize,IE04,20080921,0.763
maize,IE05,20080921,0.735
maize,IE06,20080921,0.714
maize,IE04,20080929,0.752
maize,IE05,20080929,0.736
maize,IE06,20080929,0.694
maize,IE04,20081007,0.715
maize,IE05,20081007,0.74
maize,IE06,20081007,0.735
maize,IE04,20081015,0.74
maize,IE05,20081015,0.736
maize,IE06,20081015,0.691
maize,IE04,20081023,0.724
maize,IE05,20081023,0.714
maize,IE06,20081023,0.687
maize,IE04,20081031,0.712
maize,IE05,20081031,0.7
maize,IE06,20081031,0.674
maize,IE04,20081108,0.672
maize,IE05,20081108,0.688
maize,IE06,20081108,0.652
maize,IE04,20081116,0.622
maize,IE05,20081116,0.675
maize,IE06,20081116,0.618
maize,IE04,20081124,0.661
maize,IE05,20081124,0.705
maize,IE06,20081124,0.638
maize,IE04,20081202,0.622
maize,IE05,20081202,0.665
maize,IE06,20081202,0.597
maize,IE04,20081210,0.648
maize,IE05,20081210,0.635
maize,IE06,20081210,0.595
maize,IE04,20081218,0.442
maize,IE06,20081218,0.561
maize,IE04,20081226,0.544
maize,IE05,20081226,0.646
maize,IE06,20081226,0.612
maize,IE04,20090101,0.597
maize,IE05,20090101,0.643
maize,IE06,20090101,0.573
maize,IE04,20090109,0.588
maize,IE05,20090109,0.671
maize,IE06,20090109,0.585
maize,IE04,20090117,0.648
maize,IE05,20090117,0.663
maize,IE06,20090117,0.616
maize,IE04,20090125,0.643
maize,IE05,20090125,0.679
maize,IE06,20090125,0.626
maize,IE04,20090202,0.663
maize,IE05,20090202,0.661
maize,IE06,20090202,0.62
maize,IE04,20090210,0.649
maize,IE05,20090210,0.674
maize,IE06,20090210,0.626
maize,IE04,20090218,0.643
maize,IE05,20090218,0.657
maize,IE06,20090218,0.621
maize,IE04,20090226,0.706
maize,IE05,20090226,0.688
maize,IE06,20090226,0.654
maize,IE04,20090306,0.659
maize,IE05,20090306,0.72
maize,IE06,20090306,0.702
maize,IE04,20090314,0.65
maize,IE05,20090314,0.679
maize,IE06,20090314,0.644
maize,IE04,20090322,0.698
maize,IE05,20090322,0.7
maize,IE06,20090322,0.672
maize,IE04,20090330,0.677
maize,IE05,20090330,0.705
maize,IE06,20090330,0.673
maize,IE04,20090407,0.707
maize,IE05,20090407,0.738
maize,IE06,20090407,0.721
maize,IE04,20090415,0.685
maize,IE05,20090415,0.73
maize,IE06,20090415,0.725
maize,IE04,20090423,0.755
maize,IE05,20090423,0.773
maize,IE06,20090423,0.794
maize,IE04,20090501,0.72
maize,IE05,20090501,0.771
maize,IE06,20090501,0.799
maize,IE04,20090509,0.704
maize,IE05,20090509,0.75
maize,IE06,20090509,0.766
maize,IE04,20090517,0.745
maize,IE05,20090517,0.804
maize,IE06,20090517,0.811
maize,IE04,20090525,0.747
maize,IE05,20090525,0.78
maize,IE06,20090525,0.784
maize,IE04,20090602,0.736
maize,IE05,20090602,0.789
maize,IE06,20090602,0.783
maize,IE04,20090610,0.781
maize,IE05,20090610,0.789
maize,IE06,20090610,0.785
maize,IE04,20090618,0.764
maize,IE05,20090618,0.773
maize,IE06,20090618,0.783
maize,IE04,20090626,0.77
maize,IE05,20090626,0.796
maize,IE06,20090626,0.801
maize,IE04,20090704,0.794
maize,IE05,20090704,0.825
maize,IE06,20090704,0.818
maize,IE04,20090712,0.811
maize,IE05,20090712,0.801
maize,IE06,20090712,0.809
maize,IE04,20090720,0.819
maize,IE05,20090720,0.779
maize,IE06,20090720,0.784
maize,IE04,20090728,0.778
maize,IE05,20090728,0.768
maize,IE06,20090728,0.742
maize,IE04,20090805,0.79
maize,IE05,20090805,0.723
maize,IE06,20090805,0.732
maize,IE04,20090813,0.829
maize,IE05,20090813,0.744
maize,IE06,20090813,0.73
maize,IE04,20090821,0.797
maize,IE05,20090821,0.753
maize,IE06,20090821,0.727
maize,IE04,20090829,0.817
maize,IE05,20090829,0.765
maize,IE06,20090829,0.735
maize,IE04,20090906,0.751
maize,IE05,20090906,0.729
maize,IE06,20090906,0.702
maize,IE04,20090914,0.735
maize,IE05,20090914,0.741
maize,IE06,20090914,0.705
maize,IE04,20090922,0.782
maize,IE05,20090922,0.731
maize,IE06,20090922,0.754
maize,IE04,20090930,0.779
maize,IE05,20090930,0.735
maize,IE06,20090930,0.711
maize,IE04,20091008,0.743
maize,IE05,20091008,0.745
maize,IE06,20091008,0.697
maize,IE04,20091016,0.691
maize,IE05,20091016,0.713
maize,IE06,20091016,0.71
maize,IE04,20091024,0.738
maize,IE05,20091024,0.744
maize,IE06,20091024,0.699
maize,IE04,20091101,0.719
maize,IE05,20091101,0.734
maize,IE06,20091101,0.705
maize,IE04,20091109,0.723
maize,IE05,20091109,0.727
maize,IE06,20091109,0.699
maize,IE04,20091117,0.723
maize,IE05,20091117,0.716
maize,IE06,20091117,0.689
maize,IE04,20091125,0.635
maize,IE05,20091125,0.705
maize,IE06,20091125,0.661
maize,IE04,20091203,0.611
maize,IE05,20091203,0.672
maize,IE06,20091203,0.629
maize,IE04,20091211,0.643
maize,IE05,20091211,0.664
maize,IE06,20091211,0.651
maize,IE04,20091219,0.621
maize,IE05,20091219,0.65
maize,IE06,20091219,0.606
maize,IE04,20091227,0.661
maize,IE05,20091227,0.648
maize,IE06,20091227,0.605
maize,IE04,20100101,0.618
maize,IE05,20100101,0.654
maize,IE06,20100101,0.606
maize,IE04,20100109,0.619
maize,IE05,20100109,0.665
maize,IE06,20100109,0.645
maize,IE04,20100117,0.638
maize,IE05,20100117,0.654
maize,IE06,20100117,0.62
maize,IE04,20100125,0.624
maize,IE05,20100125,0.63
maize,IE06,20100125,0.619
maize,IE04,20100202,0.637
maize,IE05,20100202,0.623
maize,IE06,20100202,0.596
maize,IE04,20100210,0.614
maize,IE05,20100210,0.617
maize,IE06,20100210,0.597
maize,IE04,20100218,0.582
maize,IE05,20100218,0.597
maize,IE06,20100218,0.574
maize,IE04,20100226,0.577
maize,IE05,20100226,0.578
maize,IE06,20100226,0.552
maize,IE04,20100306,0.55
maize,IE05,20100306,0.57
maize,IE06,20100306,0.533
maize,IE04,20100314,0.574
maize,IE05,20100314,0.555
maize,IE06,20100314,0.509
maize,IE04,20100322,0.596
maize,IE05,20100322,0.649
maize,IE06,20100322,0.595
maize,IE04,20100330,0.644
maize,IE05,20100330,0.666
maize,IE06,20100330,0.632
maize,IE04,20100407,0.617
maize,IE05,20100407,0.658
maize,IE06,20100407,0.638
maize,IE04,20100415,0.631
maize,IE05,20100415,0.661
maize,IE06,20100415,0.659
maize,IE04,20100423,0.496
maize,IE05,20100423,0.702
maize,IE06,20100423,0.724
maize,IE04,20100501,0.695
maize,IE05,20100501,0.751
maize,IE06,20100501,0.744
maize,IE04,20100509,0.671
maize,IE05,20100509,0.762
maize,IE06,20100509,0.758
maize,IE04,20100517,0.734
maize,IE05,20100517,0.796
maize,IE06,20100517,0.795
maize,IE04,20100525,0.732
maize,IE05,20100525,0.778
maize,IE06,20100525,0.776
maize,IE04,20100602,0.689
maize,IE05,20100602,0.79
maize,IE06,20100602,0.798
maize,IE04,20100610,0.768
maize,IE05,20100610,0.796
maize,IE06,20100610,0.798
maize,IE04,20100618,0.747
maize,IE05,20100618,0.764
maize,IE06,20100618,0.777
maize,IE04,20100626,0.749
maize,IE05,20100626,0.773
maize,IE06,20100626,0.786
maize,IE04,20100704,0.78
maize,IE05,20100704,0.784
maize,IE06,20100704,0.779
maize,IE04,20100712,0.844
maize,IE05,20100712,0.8
maize,IE06,20100712,0.786
maize,IE04,20100720,0.799
maize,IE05,20100720,0.787
maize,IE06,20100720,0.8
maize,IE04,20100728,0.823
maize,IE05,20100728,0.789
maize,IE06,20100728,0.793
maize,IE04,20100805,0.83
maize,IE05,20100805,0.776
maize,IE06,20100805,0.742
maize,IE04,20100813,0.776
maize,IE05,20100813,0.749
maize,IE06,20100813,0.726
maize,IE04,20100821,0.783
maize,IE05,20100821,0.744
maize,IE06,20100821,0.742
maize,IE04,20100829,0.759
maize,IE05,20100829,0.715
maize,IE06,20100829,0.716
maize,IE04,20100906,0.833
maize,IE05,20100906,0.746
maize,IE06,20100906,0.736
maize,IE04,20100914,0.807
maize,IE05,20100914,0.754
maize,IE06,20100914,0.772
maize,IE04,20100922,0.771
maize,IE05,20100922,0.776
maize,IE06,20100922,0.745
maize,IE04,20100930,0.767
maize,IE05,20100930,0.766
maize,IE06,20100930,0.734
maize,IE04,20101008,0.759
maize,IE05,20101008,0.768
maize,IE06,20101008,0.74
maize,IE04,20101016,0.762
maize,IE05,20101016,0.755
maize,IE06,20101016,0.73
maize,IE04,20101024,0.746
maize,IE05,20101024,0.756
maize,IE06,20101024,0.728
maize,IE04,20101101,0.756
maize,IE05,20101101,0.751
maize,IE06,20101101,0.686
maize,IE04,20101109,0.725
maize,IE05,20101109,0.762
maize,IE06,20101109,0.717
maize,IE04,20101117,0.685
maize,IE05,20101117,0.746
maize,IE06,20101117,0.704
maize,IE04,20101125,0.699
maize,IE05,20101125,0.725
maize,IE06,20101125,0.69
maize,IE04,20101203,0.551
maize,IE05,20101203,0.711
maize,IE04,20101211,0.585
maize,IE05,20101211,0.628
maize,IE06,20101211,0.581
maize,IE05,20101219,0.606
maize,IE04,20101227,0.611
maize,IE05,20101227,0.723
maize,IE06,20101227,0.589
maize,IE04,20110101,0.607
maize,IE05,20110101,0.657
maize,IE06,20110101,0.572
maize,IE04,20110109,0.541
maize,IE05,20110109,0.607
maize,IE06,20110109,0.56
maize,IE04,20110117,0.601
maize,IE05,20110117,0.654
maize,IE06,20110117,0.614
maize,IE04,20110125,0.607
maize,IE05,20110125,0.636
maize,IE06,20110125,0.585
maize,IE04,20110202,0.623
maize,IE05,20110202,0.649
maize,IE06,20110202,0.626
maize,IE04,20110210,0.62
maize,IE05,20110210,0.681
maize,IE06,20110210,0.624
maize,IE04,20110218,0.624
maize,IE05,20110218,0.675
maize,IE06,20110218,0.599
maize,IE04,20110226,0.631
maize,IE05,20110226,0.681
maize,IE06,20110226,0.633
maize,IE04,20110306,0.694
maize,IE05,20110306,0.662
maize,IE06,20110306,0.649
maize,IE04,20110314,0.633
maize,IE05,20110314,0.681
maize,IE06,20110314,0.654
maize,IE04,20110322,0.637
maize,IE05,20110322,0.677
maize,IE06,20110322,0.655
maize,IE04,20110330,0.664
maize,IE05,20110330,0.734
maize,IE06,20110330,0.683
maize,IE04,20110407,0.701
maize,IE05,20110407,0.708
maize,IE06,20110407,0.691
maize,IE04,20110415,0.694
maize,IE05,20110415,0.761
maize,IE06,20110415,0.747
maize,IE04,20110423,0.722
maize,IE05,20110423,0.786
maize,IE06,20110423,0.788
maize,IE04,20110501,0.72
maize,IE05,20110501,0.802
maize,IE06,20110501,0.778
maize,IE04,20110509,0.805
maize,IE05,20110509,0.817
maize,IE06,20110509,0.826
maize,IE04,20110517,0.79
maize,IE05,20110517,0.808
maize,IE06,20110517,0.815
maize,IE04,20110525,0.818
maize,IE05,20110525,0.82
maize,IE06,20110525,0.822
maize,IE04,20110602,0.761
maize,IE05,20110602,0.797
maize,IE06,20110602,0.811
maize,IE04,20110610,0.744
maize,IE05,20110610,0.773
maize,IE06,20110610,0.744
maize,IE04,20110618,0.751
maize,IE05,20110618,0.788
maize,IE06,20110618,0.813
maize,IE04,20110626,0.78
maize,IE05,20110626,0.806
maize,IE06,20110626,0.819
maize,IE04,20110704,0.814
maize,IE05,20110704,0.806
maize,IE06,20110704,0.794
maize,IE04,20110712,0.789
maize,IE05,20110712,0.791
maize,IE06,20110712,0.775
maize,IE04,20110720,0.796
maize,IE05,20110720,0.759
maize,IE06,20110720,0.754
maize,IE05,20110728,0.799
maize,IE06,20110728,0.777
maize,IE04,20110805,0.774
maize,IE05,20110805,0.722
maize,IE06,20110805,0.771
maize,IE04,20110813,0.8
maize,IE05,20110813,0.783
maize,IE06,20110813,0.754
maize,IE04,20110821,0.774
maize,IE05,20110821,0.739
maize,IE06,20110821,0.722
maize,IE04,20110829,0.773
maize,IE05,20110829,0.756
maize,IE06,20110829,0.753
maize,IE04,20110906,0.793
maize,IE05,20110906,0.745
maize,IE06,20110906,0.74
maize,IE04,20110914,0.777
maize,IE05,20110914,0.787
maize,IE06,20110914,0.799
maize,IE04,20110922,0.775
maize,IE05,20110922,0.745
maize,IE06,20110922,0.722
maize,IE04,20110930,0.805
maize,IE05,20110930,0.777
maize,IE06,20110930,0.787
maize,IE04,20111008,0.819
maize,IE05,20111008,0.762
maize,IE06,20111008,0.725
maize,IE04,20111016,0.801
maize,IE05,20111016,0.783
maize,IE06,20111016,0.754
maize,IE04,20111024,0.778
maize,IE05,20111024,0.762
maize,IE06,20111024,0.723
maize,IE04,20111101,0.719
maize,IE05,20111101,0.745
maize,IE06,20111101,0.728
maize,IE04,20111109,0.7
maize,IE05,20111109,0.729
maize,IE06,20111109,0.707
maize,IE04,20111117,0.786
maize,IE05,20111117,0.759
maize,IE06,20111117,0.746
maize,IE04,20111125,0.698
maize,IE05,20111125,0.701
maize,IE06,20111125,0.682
maize,IE04,20111203,0.63
maize,IE05,20111203,0.704
maize,IE06,20111203,0.632
maize,IE04,20111211,0.675
maize,IE05,20111211,0.666
maize,IE06,20111211,0.639
maize,IE04,20111219,0.665
maize,IE05,20111219,0.677
maize,IE06,20111219,0.653
maize,IE04,20111227,0.641
maize,IE05,20111227,0.666
maize,IE06,20111227,0.608
maize,IE04,20120101,0.638
maize,IE05,20120101,0.67
maize,IE06,20120101,0.611
maize,IE04,20120109,0.698
maize,IE05,20120109,0.688
maize,IE06,20120109,0.655
maize,IE04,20120117,0.659
maize,IE05,20120117,0.708
maize,IE06,20120117,0.671
maize,IE04,20120125,0.645
maize,IE05,20120125,0.775
maize,IE06,20120125,0.724
maize,IE04,20120202,0.559
maize,IE05,20120202,0.708
maize,IE06,20120202,0.66
maize,IE04,20120210,0.645
maize,IE05,20120210,0.79
maize,IE06,20120210,0.756
maize,IE04,20120218,0.69
maize,IE05,20120218,0.738
maize,IE06,20120218,0.711
maize,IE04,20120226,0.74
maize,IE05,20120226,0.763
maize,IE06,20120226,0.742
maize,IE04,20120305,0.687
maize,IE05,20120305,0.741
maize,IE06,20120305,0.713
maize,IE04,20120313,0.778
maize,IE05,20120313,0.762
maize,IE06,20120313,0.754
maize,IE04,20120321,0.682
maize,IE05,20120321,0.729
maize,IE06,20120321,0.734
maize,IE04,20120329,0.712
maize,IE05,20120329,0.731
maize,IE06,20120329,0.756
maize,IE04,20120406,0.747
maize,IE05,20120406,0.762
maize,IE06,20120406,0.786
maize,IE04,20120414,0.691
maize,IE05,20120414,0.756
maize,IE06,20120414,0.768
maize,IE04,20120422,0.629
maize,IE05,20120422,0.75
maize,IE06,20120422,0.75
maize,IE04,20120430,0.571
maize,IE05,20120430,0.786
maize,IE06,20120430,0.775
maize,IE04,20120508,0.774
maize,IE05,20120508,0.78
maize,IE06,20120508,0.787
maize,IE04,20120516,0.835
maize,IE05,20120516,0.806
maize,IE06,20120516,0.796
maize,IE04,20120524,0.734
maize,IE05,20120524,0.796
maize,IE06,20120524,0.789
maize,IE04,20120601,0.8
maize,IE05,20120601,0.801
maize,IE06,20120601,0.804
maize,IE04,20120609,0.75
maize,IE05,20120609,0.822
maize,IE06,20120609,0.804
maize,IE04,20120617,0.79
maize,IE05,20120617,0.815
maize,IE06,20120617,0.839
maize,IE05,20120625,0.795
maize,IE06,20120625,0.862
maize,IE04,20120703,0.758
maize,IE05,20120703,0.817
maize,IE06,20120703,0.797
maize,IE04,20120711,0.78
maize,IE05,20120711,0.783
maize,IE06,20120711,0.787
maize,IE04,20120719,0.756
maize,IE05,20120719,0.753
maize,IE06,20120719,0.786
maize,IE04,20120727,0.781
maize,IE05,20120727,0.763
maize,IE06,20120727,0.747
maize,IE04,20120804,0.771
maize,IE05,20120804,0.731
maize,IE06,20120804,0.7
maize,IE04,20120812,0.79
maize,IE05,20120812,0.742
maize,IE06,20120812,0.721
maize,IE04,20120820,0.782
maize,IE05,20120820,0.756
maize,IE06,20120820,0.714
maize,IE04,20120828,0.766
maize,IE05,20120828,0.716
maize,IE06,20120828,0.727
maize,IE04,20120905,0.812
maize,IE05,20120905,0.714
maize,IE06,20120905,0.702
maize,IE04,20120913,0.793
maize,IE05,20120913,0.753
maize,IE06,20120913,0.743
maize,IE04,20120921,0.75
maize,IE05,20120921,0.755
maize,IE06,20120921,0.735
maize,IE04,20120929,0.768
maize,IE05,20120929,0.74
maize,IE06,20120929,0.695
maize,IE04,20121007,0.738
maize,IE05,20121007,0.755
maize,IE06,20121007,0.699
maize,IE04,20121015,0.687
maize,IE05,20121015,0.752
maize,IE06,20121015,0.674
maize,IE04,20121023,0.738
maize,IE05,20121023,0.734
maize,IE06,20121023,0.687
maize,IE04,20121031,0.742
maize,IE05,20121031,0.722
maize,IE06,20121031,0.682
maize,IE04,20121108,0.716
maize,IE05,20121108,0.717
maize,IE06,20121108,0.659
maize,IE04,20121116,0.709
maize,IE05,20121116,0.721
maize,IE06,20121116,0.675
maize,IE04,20121124,0.663
maize,IE05,20121124,0.737
maize,IE06,20121124,0.657
maize,IE04,20121202,0.642
maize,IE05,20121202,0.714
maize,IE06,20121202,0.621
maize,IE04,20121210,0.619
maize,IE05,20121210,0.638
maize,IE06,20121210,0.575
maize,IE04,20121218,0.634
maize,IE05,20121218,0.644
maize,IE06,20121218,0.606
maize,IE04,20121226,0.605
maize,IE05,20121226,0.631
maize,IE06,20121226,0.587
maize,IE04,20130101,0.627
maize,IE05,20130101,0.695
maize,IE06,20130101,0.639
maize,IE04,20130109,0.557
maize,IE05,20130109,0.691
maize,IE06,20130109,0.656
maize,IE04,20130117,0.661
maize,IE05,20130117,0.754
maize,IE06,20130117,0.711
maize,IE04,20130125,0.691
maize,IE05,20130125,0.7
maize,IE06,20130125,0.66
maize,IE04,20130202,0.692
maize,IE05,20130202,0.699
maize,IE06,20130202,0.643
maize,IE04,20130210,0.706
maize,IE05,20130210,0.758
maize,IE06,20130210,0.663
maize,IE04,20130218,0.636
maize,IE05,20130218,0.699
maize,IE06,20130218,0.638
maize,IE04,20130226,0.574
maize,IE05,20130226,0.656
maize,IE06,20130226,0.652
maize,IE04,20130306,0.721
maize,IE05,20130306,0.704
maize,IE06,20130306,0.651
maize,IE04,20130314,0.635
maize,IE05,20130314,0.686
maize,IE06,20130314,0.659
maize,IE04,20130322,0.503
maize,IE05,20130322,0.687
maize,IE06,20130322,0.659
maize,IE04,20130330,0.592
maize,IE05,20130330,0.638
maize,IE06,20130330,0.584
maize,IE04,20130407,0.524
maize,IE05,20130407,0.682
maize,IE06,20130407,0.589
maize,IE04,20130415,0.62
maize,IE05,20130415,0.672
maize,IE06,20130415,0.647
maize,IE04,20130423,0.688
maize,IE05,20130423,0.737
maize,IE06,20130423,0.712
maize,IE04,20130501,0.774
maize,IE05,20130501,0.709
maize,IE06,20130501,0.707
maize,IE04,20130509,0.8
maize,IE05,20130509,0.775
maize,IE06,20130509,0.768
maize,IE04,20130517,0.752
maize,IE05,20130517,0.782
maize,IE06,20130517,0.781
maize,IE04,20130525,0.726
maize,IE05,20130525,0.792
maize,IE06,20130525,0.785
maize,IE04,20130602,0.738
maize,IE05,20130602,0.782
maize,IE06,20130602,0.786
maize,IE04,20130610,0.747
maize,IE05,20130610,0.797
maize,IE06,20130610,0.782
maize,IE04,20130618,0.785
maize,IE05,20130618,0.781
maize,IE06,20130618,0.813
maize,IE04,20130626,0.721
maize,IE05,20130626,0.802
maize,IE06,20130626,0.793
maize,IE04,20130704,0.772
maize,IE05,20130704,0.782
maize,IE06,20130704,0.796
maize,IE04,20130712,0.767
maize,IE05,20130712,0.743
maize,IE06,20130712,0.769
maize,IE04,20130720,0.775
maize,IE05,20130720,0.725
maize,IE06,20130720,0.752
maize,IE04,20130728,0.803
maize,IE05,20130728,0.726
maize,IE06,20130728,0.751
maize,IE04,20130805,0.824
maize,IE05,20130805,0.76
maize,IE06,20130805,0.747
maize,IE04,20130813,0.777
maize,IE05,20130813,0.745
maize,IE06,20130813,0.779
maize,IE05,20130821,0.756
maize,IE06,20130821,0.733
maize,IE04,20130829,0.79
maize,IE05,20130829,0.742
maize,IE06,20130829,0.722
maize,IE04,20130906,0.837
maize,IE05,20130906,0.703
maize,IE06,20130906,0.731
maize,IE04,20130914,0.792
maize,IE05,20130914,0.736
maize,IE06,20130914,0.717
maize,IE04,20130922,0.774
maize,IE05,20130922,0.744
maize,IE06,20130922,0.727
maize,IE04,20130930,0.829
maize,IE05,20130930,0.787
maize,IE06,20130930,0.758
maize,IE04,20131008,0.762
maize,IE05,20131008,0.775
maize,IE06,20131008,0.752
maize,IE04,20131016,0.803
maize,IE05,20131016,0.788
maize,IE06,20131016,0.757
maize,IE04,20131024,0.784
maize,IE05,20131024,0.782
maize,IE06,20131024,0.733
maize,IE04,20131101,0.729
maize,IE05,20131101,0.758
maize,IE06,20131101,0.736
maize,IE04,20131109,0.731
maize,IE05,20131109,0.736
maize,IE06,20131109,0.712
maize,IE04,20131117,0.723
maize,IE05,20131117,0.762
maize,IE06,20131117,0.737
maize,IE04,20131125,0.698
maize,IE05,20131125,0.78
maize,IE06,20131125,0.631
maize,IE04,20131203,0.678
maize,IE05,20131203,0.751
maize,IE06,20131203,0.663
maize,IE04,20131211,0.579
maize,IE05,20131211,0.692
maize,IE06,20131211,0.671
maize,IE04,20131219,0.62
maize,IE05,20131219,0.665
maize,IE06,20131219,0.652
maize,IE04,20131227,0.627
maize,IE05,20131227,0.667
maize,IE06,20131227,0.654
maize,IE04,20140101,0.661
maize,IE05,20140101,0.696
maize,IE06,20140101,0.664
maize,IE04,20140109,0.683
maize,IE05,20140109,0.721
maize,IE06,20140109,0.674
maize,IE04,20140117,0.664
maize,IE05,20140117,0.712
maize,IE06,20140117,0.696
maize,IE04,20140125,0.661
maize,IE05,20140125,0.707
maize,IE06,20140125,0.69
maize,IE04,20140202,0.669
maize,IE05,20140202,0.689
maize,IE06,20140202,0.677
maize,IE04,20140210,0.699
maize,IE05,20140210,0.709
maize,IE06,20140210,0.686
maize,IE04,20140218,0.691
maize,IE05,20140218,0.716
maize,IE06,20140218,0.689
maize,IE04,20140226,0.71
maize,IE05,20140226,0.71
maize,IE06,20140226,0.688
maize,IE04,20140306,0.656
maize,IE05,20140306,0.708
maize,IE06,20140306,0.681
maize,IE04,20140314,0.682
maize,IE05,20140314,0.738
maize,IE06,20140314,0.723
maize,IE04,20140322,0.751
maize,IE05,20140322,0.752
maize,IE06,20140322,0.733
maize,IE04,20140330,0.744
maize,IE05,20140330,0.775
maize,IE06,20140330,0.746
maize,IE04,20140407,0.755
maize,IE05,20140407,0.752
maize,IE06,20140407,0.774
maize,IE04,20140415,0.687
maize,IE05,20140415,0.76
maize,IE06,20140415,0.745
maize,IE04,20140423,0.785
maize,IE05,20140423,0.782
maize,IE06,20140423,0.789
maize,IE05,20140501,0.803
maize,IE06,20140501,0.852
maize,IE04,20140509,0.776
maize,IE05,20140509,0.799
maize,IE06,20140509,0.82
maize,IE04,20140517,0.847
maize,IE05,20140517,0.79
maize,IE06,20140517,0.819
maize,IE04,20140525,0.803
maize,IE05,20140525,0.804
maize,IE06,20140525,0.816
maize,IE04,20140602,0.807
maize,IE05,20140602,0.795
maize,IE06,20140602,0.83
maize,IE04,20140610,0.76
maize,IE05,20140610,0.778
maize,IE06,20140610,0.797
maize,IE04,20140618,0.765
maize,IE05,20140618,0.787
maize,IE06,20140618,0.792
maize,IE04,20140626,0.773
maize,IE05,20140626,0.781
maize,IE06,20140626,0.775
maize,IE04,20140704,0.813
maize,IE05,20140704,0.807
maize,IE06,20140704,0.792
maize,IE04,20140712,0.813
maize,IE05,20140712,0.771
maize,IE06,20140712,0.767
maize,IE04,20140720,0.796
maize,IE05,20140720,0.739
maize,IE06,20140720,0.728
maize,IE04,20140728,0.792
maize,IE05,20140728,0.741
maize,IE06,20140728,0.763
maize,IE04,20140805,0.799
maize,IE05,20140805,0.741
maize,IE06,20140805,0.721
maize,IE04,20140813,0.799
maize,IE05,20140813,0.749
maize,IE06,20140813,0.75
maize,IE04,20140821,0.774
maize,IE05,20140821,0.773
maize,IE06,20140821,0.719
maize,IE04,20140829,0.828
maize,IE05,20140829,0.757
maize,IE06,20140829,0.764
maize,IE04,20140906,0.771
maize,IE05,20140906,0.745
maize,IE06,20140906,0.736
maize,IE04,20140914,0.765
maize,IE05,20140914,0.757
maize,IE06,20140914,0.731
maize,IE04,20140922,0.776
maize,IE05,20140922,0.755
maize,IE06,20140922,0.719
maize,IE04,20140930,0.752
maize,IE05,20140930,0.754
maize,IE06,20140930,0.726
maize,IE04,20141008,0.742
maize,IE05,20141008,0.763
maize,IE06,20141008,0.716
maize,IE04,20141016,0.768
maize,IE05,20141016,0.75
maize,IE06,20141016,0.725
maize,IE04,20141024,0.704
maize,IE05,20141024,0.767
maize,IE06,20141024,0.804
maize,IE04,20141101,0.792
maize,IE05,20141101,0.778
maize,IE06,20141101,0.764
maize,IE04,20141109,0.744
maize,IE05,20141109,0.776
maize,IE06,20141109,0.724
maize,IE04,20141117,0.754
maize,IE05,20141117,0.782
maize,IE06,20141117,0.779
maize,IE04,20141125,0.736
maize,IE05,20141125,0.773
maize,IE06,20141125,0.709
maize,IE04,20141203,0.695
maize,IE05,20141203,0.726
maize,IE06,20141203,0.653
maize,IE04,20141211,0.726
maize,IE05,20141211,0.709
maize,IE06,20141211,0.667
maize,IE04,20141219,0.699
maize,IE05,20141219,0.683
maize,IE06,20141219,0.661
maize,IE04,20141227,0.632
maize,IE05,20141227,0.666
maize,IE06,20141227,0.64
maize,IE04,20150101,0.633
maize,IE05,20150101,0.71
maize,IE06,20150101,0.64
maize,IE04,20150109,0.606
maize,IE05,20150109,0.736
maize,IE06,20150109,0.643
maize,IE04,20150117,0.762
maize,IE05,20150117,0.767
maize,IE06,20150117,0.73
maize,IE04,20150125,0.713
maize,IE05,20150125,0.719
maize,IE06,20150125,0.677
maize,IE04,20150202,0.684
maize,IE05,20150202,0.725
maize,IE06,20150202,0.696
maize,IE04,20150210,0.693
maize,IE05,20150210,0.73
maize,IE06,20150210,0.683
maize,IE04,20150218,0.694
maize,IE05,20150218,0.7
maize,IE06,20150218,0.668
maize,IE04,20150226,0.7
maize,IE05,20150226,0.713
maize,IE06,20150226,0.672
maize,IE04,20150306,0.673
maize,IE05,20150306,0.721
maize,IE06,20150306,0.682
maize,IE04,20150314,0.674
maize,IE05,20150314,0.699
maize,IE06,20150314,0.662
maize,IE04,20150322,0.697
maize,IE05,20150322,0.727
maize,IE06,20150322,0.691
maize,IE04,20150330,0.666
maize,IE05,20150330,0.724
maize,IE06,20150330,0.695
maize,IE04,20150407,0.669
maize,IE05,20150407,0.74
maize,IE06,20150407,0.726
maize,IE04,20150415,0.686
maize,IE05,20150415,0.743
maize,IE06,20150415,0.738
maize,IE04,20150423,0.704
maize,IE05,20150423,0.771
maize,IE06,20150423,0.77
maize,IE04,20150501,0.585
maize,IE05,20150501,0.815
maize,IE06,20150501,0.742
maize,IE04,20150509,0.712
maize,IE05,20150509,0.789
maize,IE06,20150509,0.803
maize,IE04,20150517,0.802
maize,IE05,20150517,0.818
maize,IE06,20150517,0.82
maize,IE04,20150525,0.781
maize,IE05,20150525,0.812
maize,IE06,20150525,0.823
maize,IE04,20150602,0.788
maize,IE05,20150602,0.793
maize,IE06,20150602,0.809
maize,IE04,20150610,0.723
maize,IE05,20150610,0.788
maize,IE06,20150610,0.792
maize,IE04,20150618,0.728
maize,IE05,20150618,0.781
maize,IE06,20150618,0.792
maize,IE04,20150626,0.801
maize,IE05,20150626,0.827
maize,IE06,20150626,0.817
maize,IE04,20150704,0.791
maize,IE05,20150704,0.817
maize,IE06,20150704,0.782
maize,IE04,20150712,0.832
maize,IE05,20150712,0.801
maize,IE04,20150720,0.799
maize,IE05,20150720,0.797
maize,IE06,20150720,0.791
maize,IE04,20150728,0.835
maize,IE05,20150728,0.794
maize,IE06,20150728,0.804
maize,IE04,20150805,0.815
maize,IE05,20150805,0.757
maize,IE06,20150805,0.752
maize,IE04,20150813,0.808
maize,IE05,20150813,0.745
maize,IE06,20150813,0.72
maize,IE04,20150821,0.816
maize,IE05,20150821,0.789
maize,IE06,20150821,0.724
maize,IE04,20150829,0.847
maize,IE05,20150829,0.787
maize,IE06,20150829,0.757
maize,IE04,20150906,0.765
maize,IE05,20150906,0.787
maize,IE06,20150906,0.705
maize,IE04,20150914,0.834
maize,IE05,20150914,0.754
maize,IE06,20150914,0.712
maize,IE04,20150922,0.757
maize,IE05,20150922,0.776
maize,IE06,20150922,0.72
maize,IE04,20150930,0.752
maize,IE05,20150930,0.775
maize,IE06,20150930,0.742
maize,IE04,20151008,0.752
maize,IE05,20151008,0.769
maize,IE06,20151008,0.729
maize,IE04,20151016,0.759
maize,IE05,20151016,0.776
maize,IE06,20151016,0.764
maize,IE04,20151024,0.746
maize,IE05,20151024,0.765
maize,IE06,20151024,0.749
maize,IE04,20151101,0.727
maize,IE05,20151101,0.806
maize,IE06,20151101,0.762
maize,IE04,20151109,0.792
maize,IE05,20151109,0.79
maize,IE06,20151109,0.828
maize,IE04,20151117,0.779
maize,IE05,20151117,0.777
maize,IE06,20151117,0.747
maize,IE04,20151125,0.73
maize,IE05,20151125,0.753
maize,IE06,20151125,0.528
maize,IE04,20151203,0.72
maize,IE05,20151203,0.709
maize,IE06,20151203,0.678
maize,IE04,20151211,0.639
maize,IE05,20151211,0.697
maize,IE06,20151211,0.662
maize,IE04,20151219,0.716
maize,IE05,20151219,0.684
maize,IE06,20151219,0.686
maize,IE04,20151227,0.746
maize,IE05,20151227,0.717
maize,IE06,20151227,0.679
maize,IE04,20160101,0.691
maize,IE05,20160101,0.724
maize,IE06,20160101,0.686
maize,IE04,20160109,0.743
maize,IE05,20160109,0.773
maize,IE06,20160109,0.703
maize,IE04,20160117,0.742
maize,IE05,20160117,0.726
maize,IE06,20160117,0.774
maize,IE04,20160125,0.744
maize,IE05,20160125,0.761
maize,IE06,20160125,0.715
maize,IE04,20160202,0.754
maize,IE05,20160202,0.762
maize,IE06,20160202,0.727
maize,IE04,20160210,0.748
maize,IE05,20160210,0.74
maize,IE06,20160210,0.739
maize,IE04,20160218,0.744
maize,IE05,20160218,0.735
maize,IE06,20160218,0.714
maize,IE04,20160226,0.645
maize,IE05,20160226,0.736
maize,IE06,20160226,0.765
maize,IE04,20160305,0.707
maize,IE05,20160305,0.712
maize,IE06,20160305,0.67
maize,IE04,20160313,0.647
maize,IE05,20160313,0.691
maize,IE06,20160313,0.664
maize,IE04,20160321,0.663
maize,IE05,20160321,0.693
maize,IE06,20160321,0.664
maize,IE04,20160329,0.661
maize,IE05,20160329,0.742
maize,IE06,20160329,0.742
maize,IE04,20160406,0.682
maize,IE05,20160406,0.728
maize,IE06,20160406,0.726
maize,IE04,20160414,0.672
maize,IE05,20160414,0.714
maize,IE06,20160414,0.728
maize,IE04,20160422,0.73
maize,IE05,20160422,0.726
maize,IE06,20160422,0.715
maize,IE04,20160430,0.742
maize,IE05,20160430,0.771
maize,IE06,20160430,0.763
maize,IE04,20160508,0.723
maize,IE05,20160508,0.803
maize,IE06,20160508,0.792
maize,IE04,20160516,0.717
maize,IE05,20160516,0.808
maize,IE06,20160516,0.818
maize,IE04,20160524,0.747
maize,IE05,20160524,0.794
maize,IE06,20160524,0.81
maize,IE04,20160601,0.76
maize,IE05,20160601,0.773
maize,IE06,20160601,0.795
maize,IE04,20160609,0.853
maize,IE05,20160609,0.812
maize,IE06,20160609,0.846
maize,IE04,20160617,0.804
maize,IE05,20160617,0.818
maize,IE06,20160617,0.843
maize,IE04,20160625,0.802
maize,IE05,20160625,0.808
maize,IE06,20160625,0.819
maize,IE04,20160703,0.823
maize,IE05,20160703,0.82
maize,IE06,20160703,0.784
maize,IE04,20160711,0.813
maize,IE05,20160711,0.809
maize,IE06,20160711,0.773
maize,IE04,20160719,0.811
maize,IE05,20160719,0.802
maize,IE06,20160719,0.775
maize,IE04,20160727,0.848
maize,IE05,20160727,0.818
maize,IE06,20160727,0.767
maize,IE04,20160804,0.852
maize,IE05,20160804,0.754
maize,IE06,20160804,0.781
maize,IE04,20160812,0.775
maize,IE05,20160812,0.713
maize,IE06,20160812,0.708
maize,IE04,20160820,0.822
maize,IE05,20160820,0.758
maize,IE06,20160820,0.734
maize,IE04,20160828,0.788
maize,IE05,20160828,0.755
maize,IE06,20160828,0.744
maize,IE04,20160905,0.827
maize,IE05,20160905,0.756
maize,IE06,20160905,0.767
maize,IE04,20160913,0.82
maize,IE05,20160913,0.779
maize,IE06,20160913,0.737
maize,IE04,20160921,0.785
maize,IE05,20160921,0.787
maize,IE06,20160921,0.728
maize,IE04,20160929,0.787
maize,IE05,20160929,0.78
maize,IE06,20160929,0.753
maize,IE04,20161007,0.734
maize,IE05,20161007,0.758
maize,IE06,20161007,0.76
maize,IE04,20161015,0.785
maize,IE05,20161015,0.773
maize,IE06,20161015,0.728
maize,IE04,20161023,0.751
maize,IE05,20161023,0.75
maize,IE06,20161023,0.742
maize,IE04,20161031,0.759
maize,IE05,20161031,0.75
maize,IE06,20161031,0.728
maize,IE04,20161108,0.766
maize,IE05,20161108,0.8
maize,IE06,20161108,0.756
maize,IE04,20161116,0.73
maize,IE05,20161116,0.755
maize,IE06,20161116,0.731
maize,IE04,20161124,0.709
maize,IE05,20161124,0.76
maize,IE06,20161124,0.742
maize,IE04,20161202,0.569
maize,IE05,20161202,0.732
maize,IE06,20161202,0.68
maize,IE04,20161210,0.619
maize,IE05,20161210,0.694
maize,IE06,20161210,0.658
maize,IE04,20161218,0.685
maize,IE05,20161218,0.675
maize,IE06,20161218,0.617
maize,IE04,20161226,0.643
maize,IE05,20161226,0.773
maize,IE06,20161226,0.649
maize,IE04,20170101,0.716
maize,IE05,20170101,0.758
maize,IE06,20170101,0.692
maize,IE04,20170109,0.693
maize,IE05,20170109,0.787
maize,IE06,20170109,0.653
maize,IE04,20170117,0.684
maize,IE05,20170117,0.786
maize,IE06,20170117,0.76
maize,IE04,20170125,0.737
maize,IE05,20170125,0.761
maize,IE06,20170125,0.737
maize,IE04,20170202,0.727
maize,IE05,20170202,0.76
maize,IE06,20170202,0.739
maize,IE04,20170210,0.632
maize,IE05,20170210,0.767
maize,IE06,20170210,0.718
maize,IE04,20170218,0.785
maize,IE05,20170218,0.815
maize,IE06,20170218,0.808
maize,IE04,20170226,0.76
maize,IE05,20170226,0.781
maize,IE06,20170226,0.74
maize,IE04,20170306,0.697
maize,IE05,20170306,0.758
maize,IE06,20170306,0.742
maize,IE04,20170314,0.751
maize,IE05,20170314,0.762
maize,IE06,20170314,0.733
maize,IE04,20170322,0.681
maize,IE05,20170322,0.76
maize,IE06,20170322,0.752
maize,IE04,20170330,0.73
maize,IE05,20170330,0.782
maize,IE06,20170330,0.76
maize,IE04,20170407,0.72
maize,IE05,20170407,0.774
maize,IE06,20170407,0.772
maize,IE04,20170415,0.522
maize,IE05,20170415,0.758
maize,IE06,20170415,0.605
maize,IE04,20170423,0.79
maize,IE05,20170423,0.78
maize,IE06,20170423,0.8
maize,IE04,20170501,0.714
maize,IE05,20170501,0.781
maize,IE06,20170501,0.778
maize,IE04,20170509,0.712
maize,IE05,20170509,0.782
maize,IE06,20170509,0.778
maize,IE04,20170517,0.732
maize,IE05,20170517,0.81
maize,IE06,20170517,0.824
maize,IE04,20170525,0.775
maize,IE05,20170525,0.822
maize,IE06,20170525,0.826
maize,IE04,20170602,0.798
maize,IE05,20170602,0.834
maize,IE06,20170602,0.846
maize,IE04,20170610,0.81
maize,IE05,20170610,0.804
maize,IE06,20170610,0.828
maize,IE04,20170618,0.806
maize,IE05,20170618,0.791
maize,IE06,20170618,0.807
maize,IE04,20170626,0.783
maize,IE05,20170626,0.779
maize,IE06,20170626,0.79
maize,IE04,20170704,0.822
maize,IE05,20170704,0.781
maize,IE06,20170704,0.798
maize,IE04,20170712,0.792
maize,IE05,20170712,0.774
maize,IE06,20170712,0.771
maize,IE04,20170720,0.819
maize,IE05,20170720,0.76
maize,IE06,20170720,0.748
maize,IE04,20170728,0.816
maize,IE05,20170728,0.764
maize,IE06,20170728,0.753
maize,IE04,20170805,0.824
maize,IE05,20170805,0.788
maize,IE06,20170805,0.781
maize,IE04,20170813,0.822
maize,IE05,20170813,0.793
maize,IE06,20170813,0.755
maize,IE05,20170821,0.777
maize,IE06,20170821,0.771
maize,IE04,20170829,0.772
maize,IE05,20170829,0.781
maize,IE06,20170829,0.735
maize,IE04,20170906,0.789
maize,IE05,20170906,0.788
maize,IE06,20170906,0.751
maize,IE04,20170914,0.793
maize,IE05,20170914,0.784
maize,IE06,20170914,0.744
maize,IE04,20170922,0.759
maize,IE05,20170922,0.756
maize,IE06,20170922,0.733
maize,IE04,20170930,0.783
maize,IE05,20170930,0.762
maize,IE06,20170930,0.737
maize,IE04,20171008,0.797
maize,IE05,20171008,0.794
maize,IE06,20171008,0.773
maize,IE04,20171016,0.74
maize,IE05,20171016,0.756
maize,IE06,20171016,0.734
maize,IE04,20171024,0.771
maize,IE05,20171024,0.76
maize,IE06,20171024,0.742
maize,IE04,20171101,0.754
maize,IE05,20171101,0.751
maize,IE06,20171101,0.723
maize,IE04,20171109,0.753
maize,IE05,20171109,0.746
maize,IE06,20171109,0.723
maize,IE04,20171117,0.752
maize,IE05,20171117,0.751
maize,IE06,20171117,0.746
maize,IE04,20171125,0.718
maize,IE05,20171125,0.769
maize,IE06,20171125,0.718
maize,IE04,20171203,0.648
maize,IE05,20171203,0.801
maize,IE04,20171211,0.694
maize,IE05,20171211,0.722
maize,IE06,20171211,0.68
maize,IE04,20171219,0.695
maize,IE05,20171219,0.529
maize,IE06,20171219,0.61
maize,IE04,20171227,0.683
maize,IE05,20171227,0.692
maize,IE06,20171227,0.647
maize,IE04,20180101,0.658
maize,IE05,20180101,0.756
maize,IE06,20180101,0.653
maize,IE04,20180109,0.526
maize,IE05,20180109,0.767
maize,IE06,20180109,0.66
maize,IE04,20180117,0.734
maize,IE05,20180117,0.732
maize,IE06,20180117,0.699
maize,IE04,20180125,0.728
maize,IE05,20180125,0.729
maize,IE06,20180125,0.706
maize,IE04,20180202,0.704
maize,IE05,20180202,0.732
maize,IE06,20180202,0.689
maize,IE04,20180210,0.712
maize,IE05,20180210,0.731
maize,IE06,20180210,0.692
maize,IE04,20180218,0.655
maize,IE05,20180218,0.708
maize,IE06,20180218,0.666
maize,IE04,20180226,0.642
maize,IE05,20180226,0.693
maize,IE06,20180226,0.665
maize,IE04,20180306,0.632
maize,IE05,20180306,0.685
maize,IE06,20180306,0.635
maize,IE04,20180314,0.622
maize,IE05,20180314,0.685
maize,IE06,20180314,0.643
maize,IE04,20180322,0.717
maize,IE05,20180322,0.705
maize,IE06,20180322,0.671
maize,IE04,20180330,0.634
maize,IE05,20180330,0.709
maize,IE06,20180330,0.666
maize,IE04,20180407,0.506
maize,IE05,20180407,0.732
maize,IE06,20180407,0.66
maize,IE04,20180415,0.73
maize,IE05,20180415,0.737
maize,IE06,20180415,0.732
maize,IE04,20180423,0.714
maize,IE05,20180423,0.771
maize,IE06,20180423,0.771
maize,IE04,20180501,0.75
maize,IE05,20180501,0.776
maize,IE06,20180501,0.779
maize,IE04,20180509,0.713
maize,IE05,20180509,0.755
maize,IE06,20180509,0.772
maize,IE04,20180517,0.728
maize,IE05,20180517,0.767
maize,IE06,20180517,0.78
maize,IE04,20180525,0.739
maize,IE05,20180525,0.774
maize,IE06,20180525,0.791
maize,IE04,20180602,0.759
maize,IE05,20180602,0.778
maize,IE06,20180602,0.789
maize,IE04,20180610,0.773
maize,IE05,20180610,0.761
maize,IE06,20180610,0.784
maize,IE04,20180618,0.738
maize,IE05,20180618,0.734
maize,IE06,20180618,0.733
maize,IE04,20180626,0.719
maize,IE05,20180626,0.678
maize,IE06,20180626,0.659
maize,IE04,20180704,0.715
maize,IE05,20180704,0.673
maize,IE06,20180704,0.659
maize,IE04,20180712,0.62
maize,IE05,20180712,0.611
maize,IE06,20180712,0.609
maize,IE04,20180720,0.738
maize,IE05,20180720,0.62
maize,IE06,20180720,0.633
maize,IE04,20180728,0.811
maize,IE05,20180728,0.638
maize,IE06,20180728,0.693
maize,IE04,20180813,0.831
maize,IE05,20180813,0.786
maize,IE06,20180813,0.741
maize,IE04,20180821,0.801
maize,IE05,20180821,0.771
maize,IE06,20180821,0.775
maize,IE04,20180829,0.82
maize,IE05,20180829,0.758
maize,IE06,20180829,0.737
maize,IE04,20180906,0.792
maize,IE05,20180906,0.808
maize,IE06,20180906,0.792
maize,IE04,20180914,0.828
maize,IE05,20180914,0.807
maize,IE06,20180914,0.785
maize,IE04,20180922,0.794
maize,IE05,20180922,0.77
maize,IE06,20180922,0.727
maize,IE04,20180930,0.775
maize,IE05,20180930,0.792
maize,IE06,20180930,0.746
maize,IE04,20181008,0.751
maize,IE05,20181008,0.782
maize,IE06,20181008,0.735
maize,IE04,20181016,0.775
maize,IE05,20181016,0.772
maize,IE06,20181016,0.719
maize,IE04,20181024,0.744
maize,IE05,20181024,0.762
maize,IE06,20181024,0.714
maize,IE04,20181031,0.749
maize,IE05,20181031,0.762
maize,IE06,20181031,0.731
maize,IE04,20181101,0.724
maize,IE05,20181101,0.761
maize,IE06,20181101,0.719
maize,IE04,20181109,0.743
maize,IE05,20181109,0.765
maize,IE06,20181109,0.741
maize,IE04,20181117,0.759
maize,IE05,20181117,0.811
maize,IE06,20181117,0.776
maize,IE04,20181125,0.713
maize,IE05,20181125,0.808
maize,IE06,20181125,0.733
maize,IE04,20181203,0.726
maize,IE05,20181203,0.743
maize,IE06,20181203,0.703
maize,IE04,20181211,0.638
maize,IE05,20181211,0.741
maize,IE06,20181211,0.575
maize,IE04,20181219,0.688
maize,IE05,20181219,0.729
maize,IE06,20181219,0.687
maize,IE04,20181227,0.608
maize,IE05,20181227,0.756
maize,IE04,20190101,0.535
maize,IE05,20190101,0.881
maize,IE06,20190101,0.684
maize,IE04,20190109,0.763
maize,IE05,20190109,0.825
maize,IE06,20190109,0.763
maize,IE04,20190117,0.77
maize,IE05,20190117,0.817
maize,IE06,20190117,0.802
maize,IE04,20190125,0.811
maize,IE05,20190125,0.806
maize,IE06,20190125,0.773
maize,IE04,20190202,0.783
maize,IE05,20190202,0.793
maize,IE06,20190202,0.754
maize,IE04,20190210,0.769
maize,IE05,20190210,0.768
maize,IE06,20190210,0.751
maize,IE05,20190218,0.755
maize,IE06,20190218,0.831
maize,IE04,20190226,0.705
maize,IE05,20190226,0.779
maize,IE06,20190226,0.759
maize,IE04,20190306,0.77
maize,IE05,20190306,0.781
maize,IE06,20190306,0.777
maize,IE04,20190314,0.79
maize,IE05,20190314,0.789
maize,IE06,20190314,0.773
maize,IE04,20190322,0.707
maize,IE05,20190322,0.771
maize,IE06,20190322,0.773
maize,IE04,20190330,0.727
maize,IE05,20190330,0.776
maize,IE06,20190330,0.765
maize,IE04,20190407,0.615
maize,IE05,20190407,0.725
maize,IE06,20190407,0.76
maize,IE04,20190415,0.716
maize,IE05,20190415,0.761
maize,IE06,20190415,0.776
maize,IE04,20190423,0.814
maize,IE05,20190423,0.825
maize,IE06,20190423,0.841
maize,IE04,20190501,0.8
maize,IE05,20190501,0.802
maize,IE06,20190501,0.82
maize,IE04,20190509,0.802
maize,IE05,20190509,0.783
maize,IE06,20190509,0.812
maize,IE04,20190517,0.762
maize,IE05,20190517,0.784
maize,IE06,20190517,0.815
maize,IE04,20190525,0.889
maize,IE05,20190525,0.789
maize,IE06,20190525,0.831
maize,IE04,20190602,0.742
maize,IE05,20190602,0.811
maize,IE06,20190602,0.839
maize,IE04,20190610,0.84
maize,IE05,20190610,0.818
maize,IE06,20190610,0.822
maize,IE04,20190618,0.788
maize,IE05,20190618,0.796
maize,IE06,20190618,0.801
maize,IE04,20190626,0.761
maize,IE05,20190626,0.784
maize,IE06,20190626,0.789
maize,IE04,20190704,0.773
maize,IE05,20190704,0.778
maize,IE06,20190704,0.75
maize,IE04,20190712,0.785
maize,IE05,20190712,0.776
maize,IE06,20190712,0.778
maize,IE04,20190720,0.8
maize,IE05,20190720,0.757
maize,IE06,20190720,0.769
maize,IE04,20190728,0.767
maize,IE05,20190728,0.728
maize,IE06,20190728,0.705
maize,IE04,20190805,0.812
maize,IE05,20190805,0.762
maize,IE06,20190805,0.704
maize,IE04,20190813,0.809
maize,IE05,20190813,0.788
maize,IE06,20190813,0.736
maize,IE04,20190821,0.83
maize,IE05,20190821,0.763
maize,IE06,20190821,0.734
maize,IE04,20190829,0.853
maize,IE05,20190829,0.794
maize,IE06,20190829,0.757
maize,IE04,20190906,0.822
maize,IE05,20190906,0.752
maize,IE06,20190906,0.758
maize,IE04,20190914,0.775
maize,IE05,20190914,0.765
maize,IE06,20190914,0.743
maize,IE04,20190922,0.801
maize,IE05,20190922,0.814
maize,IE06,20190922,0.787
maize,IE04,20190930,0.771
maize,IE05,20190930,0.791
maize,IE06,20190930,0.723
maize,IE04,20191008,0.81
maize,IE05,20191008,0.77
maize,IE06,20191008,0.751
maize,IE04,20191016,0.777
maize,IE05,20191016,0.762
maize,IE06,20191016,0.738
maize,IE04,20191024,0.735
maize,IE05,20191024,0.77
maize,IE06,20191024,0.733
maize,IE04,20191101,0.718
maize,IE05,20191101,0.746
maize,IE06,20191101,0.71
maize,IE04,20191109,0.74
maize,IE05,20191109,0.743
maize,IE06,20191109,0.706
maize,IE04,20191117,0.615
maize,IE05,20191117,0.731
maize,IE06,20191117,0.698
maize,IE04,20191125,0.638
maize,IE05,20191125,0.708
maize,IE06,20191125,0.667
maize,IE04,20191203,0.591
maize,IE05,20191203,0.695
maize,IE06,20191203,0.639
maize,IE04,20191211,0.645
maize,IE05,20191211,0.662
maize,IE06,20191211,0.61
maize,IE04,20191219,0.632
maize,IE05,20191219,0.676
maize,IE06,20191219,0.627
maize,IE04,20191227,0.604
maize,IE05,20191227,0.69
maize,IE06,20191227,0.649
maize,IE05,20200101,0.801
maize,IE05,20200109,0.79
maize,IE06,20200109,0.784
maize,IE04,20200117,0.772
maize,IE05,20200117,0.809
maize,IE06,20200117,0.77
maize,IE04,20200125,0.592
maize,IE05,20200125,0.728
maize,IE06,20200125,0.7
maize,IE04,20200202,0.769
maize,IE05,20200202,0.76
maize,IE06,20200202,0.709
maize,IE04,20200210,0.8
maize,IE05,20200210,0.756
maize,IE06,20200210,0.718
maize,IE04,20200218,0.741
maize,IE05,20200218,0.772
maize,IE06,20200218,0.714
maize,IE04,20200226,0.72
maize,IE05,20200226,0.735
maize,IE06,20200226,0.697
maize,IE04,20200305,0.701
maize,IE05,20200305,0.751
maize,IE06,20200305,0.677
maize,IE04,20200313,0.726
maize,IE05,20200313,0.732
maize,IE06,20200313,0.69
maize,IE04,20200321,0.622
maize,IE05,20200321,0.717
maize,IE06,20200321,0.679
maize,IE04,20200329,0.739
maize,IE05,20200329,0.729
maize,IE06,20200329,0.689
maize,IE04,20200406,0.705
maize,IE05,20200406,0.75
maize,IE06,20200406,0.714
maize,IE04,20200414,0.696
maize,IE05,20200414,0.758
maize,IE06,20200414,0.74
maize,IE04,20200422,0.725
maize,IE05,20200422,0.735
maize,IE06,20200422,0.745
maize,IE04,20200430,0.782
maize,IE05,20200430,0.793
maize,IE06,20200430,0.768
maize,IE04,20200508,0.746
maize,IE05,20200508,0.796
maize,IE06,20200508,0.764
maize,IE04,20200516,0.6
maize,IE05,20200516,0.788
maize,IE06,20200516,0.755
maize,IE04,20200524,0.76
maize,IE05,20200524,0.763
maize,IE06,20200524,0.75
maize,IE04,20200601,0.76
maize,IE05,20200601,0.761
maize,IE06,20200601,0.735
maize,IE04,20200609,0.7
maize,IE05,20200609,0.756
maize,IE06,20200609,0.743
maize,IE04,20200617,0.821
maize,IE05,20200617,0.816
maize,IE06,20200617,0.803
maize,IE04,20200625,0.802
maize,IE05,20200625,0.821
maize,IE06,20200625,0.808
maize,IE04,20200703,0.867
maize,IE05,20200703,0.812
maize,IE06,20200703,0.803
maize,IE04,20200711,0.882
maize,IE05,20200711,0.806
maize,IE06,20200711,0.833
maize,IE04,20200719,0.804
maize,IE05,20200719,0.778
maize,IE06,20200719,0.79
maize,IE04,20200727,0.83
maize,IE05,20200727,0.776
maize,IE06,20200727,0.722
maize,IE04,20200804,0.829
maize,IE05,20200804,0.78
maize,IE06,20200804,0.746
maize,IE04,20200812,0.798
maize,IE05,20200812,0.795
maize,IE06,20200812,0.769
maize,IE04,20200820,0.831
maize,IE05,20200820,0.735
maize,IE06,20200820,0.788
maize,IE04,20200828,0.832
maize,IE05,20200828,0.788
maize,IE06,20200828,0.76
maize,IE04,20200905,0.844
maize,IE05,20200905,0.745
maize,IE06,20200905,0.678
maize,IE04,20200913,0.781
maize,IE05,20200913,0.761
maize,IE06,20200913,0.766
maize,IE04,20200921,0.781
maize,IE05,20200921,0.766
maize,IE06,20200921,0.747
maize,IE04,20200929,0.793
maize,IE05,20200929,0.769
maize,IE06,20200929,0.734
maize,IE04,20201007,0.779
maize,IE05,20201007,0.749
maize,IE06,20201007,0.701
maize,IE04,20201015,0.793
maize,IE05,20201015,0.793
maize,IE06,20201015,0.734
maize,IE04,20201023,0.758
maize,IE05,20201023,0.749
maize,IE06,20201023,0.728
maize,IE04,20201031,0.756
maize,IE05,20201031,0.744
maize,IE06,20201031,0.721
maize,IE04,20201108,0.801
maize,IE05,20201108,0.739
maize,IE06,20201108,0.733
maize,IE04,20201116,0.796
maize,IE05,20201116,0.771
maize,IE06,20201116,0.749
maize,IE04,20201124,0.853
maize,IE05,20201124,0.804
maize,IE06,20201124,0.791
maize,IE05,20201202,0.801
maize,IE06,20201202,0.786
maize,IE05,20201210,0.97
maize,IE05,20201226,0.861
maize,IE05,20210101,0.869
maize,IE05,20210109,0.75
maize,IE06,20210109,0.758
maize,IE04,20210117,0.819
maize,IE05,20210117,0.777
maize,IE06,20210117,0.818
maize,IE04,20210125,0.748
maize,IE05,20210125,0.758
maize,IE06,20210125,0.795
maize,IE04,20210202,0.49
maize,IE05,20210202,0.732
maize,IE06,20210202,0.731
maize,IE04,20210210,0.663
maize,IE05,20210210,0.752
maize,IE06,20210210,0.714
maize,IE04,20210218,0.699
maize,IE05,20210218,0.736
maize,IE06,20210218,0.699
maize,IE04,20210226,0.708
maize,IE05,20210226,0.735
maize,IE06,20210226,0.709
maize,IE04,20210306,0.739
maize,IE05,20210306,0.72
maize,IE06,20210306,0.689
maize,IE04,20210314,0.575
maize,IE05,20210314,0.739
maize,IE06,20210314,0.732
maize,IE04,20210322,0.78
maize,IE05,20210322,0.785
maize,IE06,20210322,0.773
maize,IE04,20210330,0.735
maize,IE05,20210330,0.755
maize,IE06,20210330,0.744
maize,IE04,20210407,0.781
maize,IE05,20210407,0.745
maize,IE06,20210407,0.764
maize,IE04,20210415,0.735
maize,IE05,20210415,0.742
maize,IE06,20210415,0.742
maize,IE04,20210423,0.736
maize,IE05,20210423,0.754
maize,IE06,20210423,0.746
maize,IE04,20210501,0.782
maize,IE05,20210501,0.773
maize,IE06,20210501,0.788
maize,IE04,20210509,0.739
maize,IE05,20210509,0.786
maize,IE06,20210509,0.793
maize,IE04,20210517,0.796
maize,IE05,20210517,0.805
maize,IE06,20210517,0.802
maize,IE04,20210525,0.814
maize,IE05,20210525,0.808
maize,IE06,20210525,0.818
maize,IE04,20210602,0.724
maize,IE05,20210602,0.777
maize,IE06,20210602,0.793
maize,IE04,20210610,0.8
maize,IE05,20210610,0.777
maize,IE06,20210610,0.769
maize,IE04,20210618,0.78
maize,IE05,20210618,0.796
maize,IE06,20210618,0.807
maize,IE04,20210626,0.789
maize,IE05,20210626,0.786
maize,IE06,20210626,0.791
maize,IE04,20210704,0.803
maize,IE05,20210704,0.692
maize,IE06,20210704,0.73
maize,IE04,20210712,0.793
maize,IE05,20210712,0.778
maize,IE06,20210712,0.764
maize,IE04,20210720,0.767
maize,IE05,20210720,0.736
maize,IE06,20210720,0.727
maize,IE04,20210728,0.69
maize,IE05,20210728,0.753
maize,IE06,20210728,0.765
maize,IE04,20210805,0.827
maize,IE05,20210805,0.771
maize,IE06,20210805,0.829
maize,IE05,20210813,0.76
maize,IE04,20210821,0.811
maize,IE05,20210821,0.763
maize,IE06,20210821,0.745
maize,IE04,20210829,0.81
maize,IE05,20210829,0.79
maize,IE06,20210829,0.736
maize,IE04,20210906,0.819
maize,IE05,20210906,0.77
maize,IE06,20210906,0.766
maize,IE04,20210914,0.851
maize,IE05,20210914,0.781
maize,IE06,20210914,0.721
maize,IE04,20210922,0.781
maize,IE05,20210922,0.795
maize,IE06,20210922,0.726
maize,IE04,20210930,0.844
maize,IE05,20210930,0.786
maize,IE06,20210930,0.765
maize,IE04,20211008,0.8
maize,IE05,20211008,0.768
maize,IE06,20211008,0.736
maize,IE04,20211016,0.791
maize,IE05,20211016,0.806
maize,IE06,20211016,0.753
maize,IE04,20211024,0.789
maize,IE05,20211024,0.782
maize,IE06,20211024,0.773
maize,IE04,20211101,0.804
maize,IE05,20211101,0.757
maize,IE06,20211101,0.759
maize,IE04,20211109,0.747
maize,IE05,20211109,0.785
maize,IE06,20211109,0.748
maize,IE04,20211117,0.817
maize,IE05,20211117,0.8
maize,IE06,20211117,0.812
maize,IE04,20211125,0.955
maize,IE05,20211125,0.771
maize,IE06,20211125,0.877
maize,IE05,20211203,0.844
maize,IE05,20211227,0.973
maize,IE05,20220101,0.855
maize,IE04,20220109,0.988
maize,IE05,20220109,0.906
maize,IE06,20220109,0.914
maize,IE04,20220117,0.787
maize,IE05,20220117,0.808
maize,IE06,20220117,0.758
maize,IE04,20220125,0.841
maize,IE05,20220125,0.756
maize,IE06,20220125,0.857
maize,IE04,20220202,0.782
maize,IE05,20220202,0.763
maize,IE06,20220202,0.764
maize,IE04,20220210,0.81
maize,IE05,20220210,0.771
maize,IE06,20220210,0.773
maize,IE04,20220218,0.796
maize,IE05,20220218,0.762
maize,IE06,20220218,0.746
maize,IE04,20220226,0.716
maize,IE05,20220226,0.785
maize,IE06,20220226,0.761
maize,IE04,20220306,0.694
maize,IE05,20220306,0.761
maize,IE06,20220306,0.729
maize,IE04,20220314,0.708
maize,IE05,20220314,0.748
maize,IE06,20220314,0.745
maize,IE04,20220322,0.679
maize,IE05,20220322,0.728
maize,IE06,20220322,0.724
maize,IE04,20220330,0.772
maize,IE05,20220330,0.729
maize,IE06,20220330,0.755
maize,IE04,20220407,0.773
maize,IE05,20220407,0.715
maize,IE06,20220407,0.745
maize,IE04,20220415,0.712
maize,IE05,20220415,0.774
maize,IE06,20220415,0.789
maize,IE04,20220423,0.687
maize,IE05,20220423,0.783
maize,IE06,20220423,0.793
maize,IE04,20220501,0.799
maize,IE05,20220501,0.802
maize,IE06,20220501,0.806
maize,IE04,20220509,0.748
maize,IE05,20220509,0.784
maize,IE06,20220509,0.8
maize,IE04,20220517,0.795
maize,IE05,20220517,0.788
maize,IE06,20220517,0.823
maize,IE04,20220525,0.805
maize,IE05,20220525,0.79
maize,IE06,20220525,0.841
maize,IE04,20220602,0.74
maize,IE05,20220602,0.764
maize,IE06,20220602,0.763
maize,IE04,20220610,0.779
maize,IE05,20220610,0.769
maize,IE06,20220610,0.789
maize,IE04,20220618,0.797
maize,IE05,20220618,0.781
maize,IE06,20220618,0.809
maize,IE04,20220626,0.807
maize,IE05,20220626,0.761
maize,IE06,20220626,0.753
maize,IE04,20220704,0.777
maize,IE05,20220704,0.78
maize,IE06,20220704,0.777
maize,IE04,20220712,0.82
maize,IE05,20220712,0.744
maize,IE06,20220712,0.705
maize,IE04,20220720,0.823
maize,IE05,20220720,0.733
maize,IE06,20220720,0.635
maize,IE04,20220728,0.77
maize,IE05,20220728,0.754
maize,IE06,20220728,0.709
maize,IE04,20220805,0.775
maize,IE05,20220805,0.69
maize,IE06,20220805,0.678
maize,IE04,20220813,0.752
maize,IE05,20220813,0.653
maize,IE06,20220813,0.654
maize,IE04,20220821,0.776
maize,IE05,20220821,0.675
maize,IE06,20220821,0.667
maize,IE04,20220829,0.793
maize,IE05,20220829,0.65
maize,IE06,20220829,0.646
maize,IE04,20220906,0.786
maize,IE05,20220906,0.755
maize,IE06,20220906,0.75
maize,IE04,20220914,0.78
maize,IE05,20220914,0.72
maize,IE06,20220914,0.671
maize,IE04,20220922,0.785
maize,IE05,20220922,0.792
maize,IE06,20220922,0.748
maize,IE04,20220930,0.828
maize,IE05,20220930,0.793
maize,IE06,20220930,0.79
maize,IE04,20221024,0.781
maize,IE05,20221024,0.743
maize,IE06,20221024,0.763
maize,IE04,20221101,0.822
maize,IE05,20221101,0.83
maize,IE06,20221101,0.769
maize,IE04,20221109,0.787
maize,IE05,20221109,0.792
maize,IE06,20221109,0.775
maize,IE04,20221117,0.788
maize,IE05,20221117,0.782
maize,IE06,20221117,0.759
maize,IE04,20221125,0.895
maize,IE05,20221125,0.77
maize,IE06,20221125,0.76
maize,IE05,20221203,0.903
maize,IE05,20221211,0.896
maize,IE05,20230101,0.961
maize,IE05,20230109,0.855
maize,IE06,20230109,0.854
maize,IE04,20230117,0.859
maize,IE05,20230117,0.786
maize,IE06,20230117,0.838
maize,IE04,20230125,0.823
maize,IE05,20230125,0.761
maize,IE06,20230125,0.757
maize,IE04,20230202,0.664
maize,IE05,20230202,0.727
maize,IE06,20230202,0.706
maize,IE04,20230210,0.73
maize,IE05,20230210,0.79
maize,IE06,20230210,0.755
maize,IE04,20230218,0.756
maize,IE05,20230218,0.754
maize,IE06,20230218,0.721
maize,IE04,20230226,0.669
maize,IE05,20230226,0.731
maize,IE06,20230226,0.701
maize,IE04,20230306,0.7
maize,IE05,20230306,0.812
maize,IE06,20230306,0.732
maize,IE04,20230314,0.837
maize,IE05,20230314,0.716
maize,IE06,20230314,0.694
maize,IE04,20230322,0.72
maize,IE05,20230322,0.749
maize,IE06,20230322,0.724
maize,IE04,20230330,0.815
maize,IE05,20230330,0.752
maize,IE06,20230330,0.774
maize,IE04,20230407,0.624
maize,IE05,20230407,0.758
maize,IE06,20230407,0.74
maize,IE04,20230415,0.733
maize,IE05,20230415,0.742
maize,IE06,20230415,0.76
maize,IE04,20230423,0.714
maize,IE05,20230423,0.804
maize,IE06,20230423,0.738
maize,IE05,20230501,0.746
maize,IE06,20230501,0.724
maize,IE04,20230509,0.662
maize,IE05,20230509,0.763
maize,IE06,20230509,0.8
maize,IE04,20230517,0.685
maize,IE05,20230517,0.768
maize,IE06,20230517,0.809
maize,IE04,20230525,0.747
maize,IE05,20230525,0.75
maize,IE06,20230525,0.77
maize,IE04,20230602,0.738
maize,IE05,20230602,0.739
maize,IE06,20230602,0.756
maize,IE04,20230610,0.735
maize,IE05,20230610,0.728
maize,IE06,20230610,0.74
maize,IE04,20230618,0.796
maize,IE05,20230618,0.761
maize,IE06,20230618,0.753
maize,IE04,20230626,0.799
maize,IE05,20230626,0.782
maize,IE06,20230626,0.78
maize,IE04,20230704,0.809
maize,IE05,20230704,0.755
maize,IE06,20230704,0.703
maize,IE04,20230712,0.806
maize,IE05,20230712,0.727
maize,IE06,20230712,0.828
maize,IE04,20230720,0.805
maize,IE05,20230720,0.734
maize,IE06,20230720,0.78
maize,IE04,20230728,0.815
maize,IE05,20230728,0.728
maize,IE06,20230728,0.74
maize,IE04,20230805,0.746
maize,IE05,20230805,0.748
maize,IE06,20230805,0.726
maize,IE04,20230813,0.798
maize,IE05,20230813,0.742
maize,IE06,20230813,0.702
maize,IE04,20230821,0.832
maize,IE05,20230821,0.731
maize,IE06,20230821,0.68
maize,IE04,20230829,0.764
maize,IE05,20230829,0.764
maize,IE06,20230829,0.748
maize,IE04,20230906,0.768
maize,IE05,20230906,0.754
maize,IE06,20230906,0.734
maize,IE04,20230914,0.767
maize,IE05,20230914,0.702
maize,IE06,20230914,0.661
maize,IE04,20230922,0.727
maize,IE05,20230922,0.705
maize,IE06,20230922,0.685
maize,IE04,20230930,0.79
maize,IE05,20230930,0.743
maize,IE06,20230930,0.672
maize,IE04,20231008,0.796
maize,IE05,20231008,0.749
maize,IE06,20231008,0.74
maize,IE04,20231016,0.755
maize,IE05,20231016,0.738
maize,IE06,20231016,0.726
maize,IE04,20231024,0.76
maize,IE05,20231024,0.731
maize,IE06,20231024,0.72
maize,IE04,20231101,0.743
maize,IE05,20231101,0.732
maize,IE06,20231101,0.714
maize,IE04,20231109,0.76
maize,IE05,20231109,0.724
maize,IE06,20231109,0.713
maize,IE05,20231117,0.774
maize,IE06,20231117,0.769
maize,IE05,20231125,0.821
maize,IE06,20231125,0.799
maize,IE05,20231203,0.768
